,,,FORMATO PLANEACIÓN Y PROGRAMACIÓN DE ACTIVIDADES DE MANTENIMIENTO,,,,,,,,,,,,,
,,,,,,,,,,,,,,,,
,,,,,,,,,,,,,,,,
Código centro,Centro,Ubicac. técnica,Denominación Ubic.,Equipo,Denominación,No. Plan,Desc. Plan,Orden,Actividad,Clase de orden,Status sistema,Inicio program.,Responsable,Prioridad,,Duración
0011,GASCOL SUR,0011-ENVASADO JUGOS HIT,EQUIPOS PARA  ENVASADO JUGOS HIT,720016,LAVADORA DE BOTELLAS-THANOS JUGOS,55941,PLAN DE MTTO MEC LAV BOTELLAS L5 720016,13140430,INTERCAMBIADORES DE CALOR DE PLACAS,PM02,ABIE,2023-10-20 05:00:00,,,,"0,5"
0011,GASCOL SUR,0011-ENVASADO JUGOS HIT,EQUIPOS PARA  ENVASADO JUGOS HIT,720016,LAVADORA DE BOTELLAS-THANOS JUGOS,55941,PLAN DE MTTO MEC LAV BOTELLAS L5 720016,13140430,PRESION ADECUADA DE AIRE,PM02,ABIE,2023-10-20 05:00:00,,,,"0,5"
0011,GASCOL SUR,0011-LINEA PET AGUA ALIGERADA,LINEA PET AGUA ALIGERADA,599606,INSPECTOR ELECTRONICO ENVASE,28854,PLAN MTTO MEC INSP ELEC 599606,13140335,"MTTO, LIMPIEZA DE ESPEJOS, VIDRIOS, CAMA",PM02,ABIE,2023-10-20 05:00:00,,Muy elevado/Urgente,,"1,0"
0011,GASCOL SUR,0011-LINEA 4,LINEA DE ENVASADO LATA,810007,CERRADORA DE LATA,21006,PLAN MTTO LUB CERRADORA LATA 810007,13140278,LIMPIEZA Y AJUSTE DE LA TRAMPA DE ACEITE,PM02,ABIE,2023-10-20 05:00:00,,Muy elevado/Urgente,,"1,0"
0011,GASCOL SUR,0011-EQUIPOS AUXILIARES,EQUIPOS PARA SERVICIOS INDUSTRIALES,689612,REDES HIDRAULICAS Y NEUMATICAS,29030,PLAN MTTO REDES HIDRA Y NEUMA 689612,13140364,MTTO VALVULAS DE VAPOR COCINAS DE JARABE,PM02,ABIE,2023-10-20 05:00:00,,Muy elevado/Urgente,,"0,1"
0011,GASCOL SUR,0011-ENVASADO JUGOS HIT,EQUIPOS PARA  ENVASADO JUGOS HIT,720016,LAVADORA DE BOTELLAS-THANOS JUGOS,55941,PLAN DE MTTO MEC LAV BOTELLAS L5 720016,13140430,UNIDADES DE MTTO DE AIRE COMPRIMIDO,PM02,ABIE,2023-10-20 05:00:00,,,,"0,5"
0011,GASCOL SUR,0011-LINEA 1,"LINEA DE ENVASADO 1.25 l, 1,5 l  Y  2 l",900101,LAVADORA DE BOTELLAS,55897,PLAN DE MTTO MEC LAV BOTELLAS L1 900101,13140424,CAMBIO DE CANASTAS Y BOLSILLOS DESGASTAD,PM02,ABIE,2023-10-20 05:00:00,,medio/Moderado,,"2,0"
0011,GASCOL SUR,0011-ENVASADO JUGOS HIT,EQUIPOS PARA  ENVASADO JUGOS HIT,720016,LAVADORA DE BOTELLAS-THANOS JUGOS,55941,PLAN DE MTTO MEC LAV BOTELLAS L5 720016,13140430,CAMBIO DE CANASTAS Y BOLSILLOS DESGASTAD,PM02,ABIE,2023-10-20 05:00:00,,,,"2,0"
0011,GASCOL SUR,0011-ENVASADO JUGOS HIT,EQUIPOS PARA  ENVASADO JUGOS HIT,710304,ENFARDADORA,28987,PLAN MTTO LUB ENFARDADORA L5 710304,13132673,LUBRICACION SISTEMA DE EMBRAGUES,PM02,ABIE,2023-10-20 05:00:00,,Muy elevado/Urgente,,"0,5"
0011,GASCOL SUR,0011-ENVASADO JUGOS HIT,EQUIPOS PARA  ENVASADO JUGOS HIT,710304,ENFARDADORA,28987,PLAN MTTO LUB ENFARDADORA L5 710304,13132673,LUBRICACION VIELAS DEL GRUPO DESVIADOR,PM02,ABIE,2023-10-20 05:00:00,,Muy elevado/Urgente,,"0,5"
0011,GASCOL SUR,0011-ENVASADO JUGOS HIT,EQUIPOS PARA  ENVASADO JUGOS HIT,710304,ENFARDADORA,28987,PLAN MTTO LUB ENFARDADORA L5 710304,13132673,LUBRICAR TRANSMISION BRUSHLEES,PM02,ABIE,2023-10-20 05:00:00,,Muy elevado/Urgente,,"0,5"
0011,GASCOL SUR,0011-LINEA 1,"LINEA DE ENVASADO 1.25 l, 1,5 l  Y  2 l",51859401,ELEVADOR DE TAPA,20443,PLAN MTTO ELE ELEVADOR TAPAS L3 51859401,13105031,MTTO AL SISTEMA NEUMATICO,PM02,ABIE,2023-10-20 05:00:00,,Muy elevado/Urgente,,"1,0"
0011,GASCOL SUR,0011-ENVASADO JUGOS HIT,EQUIPOS PARA  ENVASADO JUGOS HIT,710304,ENFARDADORA,28987,PLAN MTTO LUB ENFARDADORA L5 710304,13132673,LUBRICAR CADENAS DE TRANSPORTADOR DE BAN,PM02,ABIE,2023-10-20 05:00:00,,Muy elevado/Urgente,,"0,5"
0011,GASCOL SUR,0011-LINEA 1,"LINEA DE ENVASADO 1.25 l, 1,5 l  Y  2 l",599561,INSPECTOR ELECTRONICO HEUFT,55907,PLAN DE MTTO LUB INSPECTOR L1 599561,13140427,LUBRICACION SEMANAL.,PM02,ABIE,2023-10-20 05:00:00,,,,"1,0"
0011,GASCOL SUR,0011-LINEA 1,"LINEA DE ENVASADO 1.25 l, 1,5 l  Y  2 l",599561,INSPECTOR ELECTRONICO HEUFT,55907,PLAN DE MTTO LUB INSPECTOR L1 599561,13140427,COMPROBAR UNIDAD MTTO,PM02,ABIE,2023-10-20 05:00:00,,,,"1,0"
0011,GASCOL SUR,0011-LINEA 1,"LINEA DE ENVASADO 1.25 l, 1,5 l  Y  2 l",599561,INSPECTOR ELECTRONICO HEUFT,55906,PLAN DE MTTO ELEC INSPECTOR L1 599561,13140426,MTTO TARJETAS DE FLACHEO,PM02,ABIE,2023-10-20 05:00:00,,,,"1,0"
0011,GASCOL SUR,0011-LINEA 1,"LINEA DE ENVASADO 1.25 l, 1,5 l  Y  2 l",599561,INSPECTOR ELECTRONICO HEUFT,55906,PLAN DE MTTO ELEC INSPECTOR L1 599561,13140426,"MTTO CONEXIONES TARJ MODULOS ALT VOLT, F",PM02,ABIE,2023-10-20 05:00:00,,,,"1,0"
0011,GASCOL SUR,0011-LINEA 1,"LINEA DE ENVASADO 1.25 l, 1,5 l  Y  2 l",599561,INSPECTOR ELECTRONICO HEUFT,55906,PLAN DE MTTO ELEC INSPECTOR L1 599561,13140426,MTTO CAMARAS,PM02,ABIE,2023-10-20 05:00:00,,,,"1,0"
0011,GASCOL SUR,0011-LINEA 4,LINEA DE ENVASADO LATA,810007,CERRADORA DE LATA,21006,PLAN MTTO LUB CERRADORA LATA 810007,13140279,LIMPIEZA Y LUBRICACIÓN DE LAS OPERACIONE,PM02,ABIE,2023-10-20 05:00:00,,Muy elevado/Urgente,,"0,5"
0011,GASCOL SUR,0011-EQUIPOS AUXILIARES,EQUIPOS PARA SERVICIOS INDUSTRIALES,829074,COMPRESOR TORNILLO AIRE,29168,PLAN MTTO LUB COMPRES TORNI AIRE 829074,13132700,LUBRICACION MENSUAL.,PM02,ABIE,2023-10-20 05:00:00,,Muy elevado/Urgente,,"1,0"
0011,GASCOL SUR,0011-LINEA 4,LINEA DE ENVASADO LATA,810007,CERRADORA DE LATA,21006,PLAN MTTO LUB CERRADORA LATA 810007,13140278,REAJUSTE DE LOS NIVELES DE ACEITE EN LA,PM02,ABIE,2023-10-20 05:00:00,,Muy elevado/Urgente,,"2,0"
0011,GASCOL SUR,0011-EQUIPOS AUXILIARES,EQUIPOS PARA SERVICIOS INDUSTRIALES,900062,CALDERA DE 500 BHP,21008,PLAN MTTO MEC CALDERA 500 BHP 900062,13140281,MTTO MENSUAL.,PM02,ABIE,2023-10-20 05:00:00,,Muy elevado/Urgente,,"2,0"
0011,GASCOL SUR,0011-EQUIPOS AUXILIARES,EQUIPOS PARA SERVICIOS INDUSTRIALES,829074,COMPRESOR TORNILLO AIRE,29166,PLAN MTTO MEC COMPRES TORNI AIRE 829074,13140369,MTTO MENSUAL.,PM02,ABIE,2023-10-20 05:00:00,,Muy elevado/Urgente,,"2,0"
0011,GASCOL SUR,0011-EQUIPOS AUXILIARES,EQUIPOS PARA SERVICIOS INDUSTRIALES,689612,REDES HIDRAULICAS Y NEUMATICAS,29030,PLAN MTTO REDES HIDRA Y NEUMA 689612,13140364,MTTO VALVULAS DE VAPOR LINEA 4 Y LINEA 1,PM02,ABIE,2023-10-20 05:00:00,,Muy elevado/Urgente,,"0,1"
0011,GASCOL SUR,0011-LINEA 1,"LINEA DE ENVASADO 1.25 l, 1,5 l  Y  2 l",900101,LAVADORA DE BOTELLAS,55897,PLAN DE MTTO MEC LAV BOTELLAS L1 900101,13140424,TIEMPOS DE MECANISMO DE CARGUE Y DESCARG,PM02,ABIE,2023-10-20 05:00:00,,medio/Moderado,,"0,5"
0011,GASCOL SUR,0011-LINEA 1,"LINEA DE ENVASADO 1.25 l, 1,5 l  Y  2 l",900101,LAVADORA DE BOTELLAS,55897,PLAN DE MTTO MEC LAV BOTELLAS L1 900101,13140424,CADENAS TABLE-TOP MESA CARGUE,PM02,ABIE,2023-10-20 05:00:00,,medio/Moderado,,"0,5"
0011,GASCOL SUR,0011-LINEA 1,"LINEA DE ENVASADO 1.25 l, 1,5 l  Y  2 l",900101,LAVADORA DE BOTELLAS,55897,PLAN DE MTTO MEC LAV BOTELLAS L1 900101,13140424,SISTEMAS DE EXTRACION DE ETIQUETA,PM02,ABIE,2023-10-20 05:00:00,,medio/Moderado,,"0,5"
0011,GASCOL SUR,0011-LINEA 1,"LINEA DE ENVASADO 1.25 l, 1,5 l  Y  2 l",599561,INSPECTOR ELECTRONICO HEUFT,55906,PLAN DE MTTO ELEC INSPECTOR L1 599561,13140426,MTTO ESPEJOS Y CAMARAS,PM02,ABIE,2023-10-20 05:00:00,,,,"1,0"
0011,GASCOL SUR,0011-ENVASADO JUGOS HIT,EQUIPOS PARA  ENVASADO JUGOS HIT,720016,LAVADORA DE BOTELLAS-THANOS JUGOS,55941,PLAN DE MTTO MEC LAV BOTELLAS L5 720016,13140430,SINCRONISMO DE RIEGOS ROTATIVOS,PM02,ABIE,2023-10-20 05:00:00,,,,"1,0"
0011,GASCOL SUR,0011-LINEA PET AGUA ALIGERADA,LINEA PET AGUA ALIGERADA,719616,OZONIZADOR EN LINEA,46423,PLAN MTTO PREDIC.  OZONIZADOR PROMINENT,13140420,PREDIC.  FUGAS DE AIRE ULTRASONIDO,PM07,ABIE,2023-10-20 05:00:00,,,,"0,5"
0011,GASCOL SUR,0011-LINEA 1,"LINEA DE ENVASADO 1.25 l, 1,5 l  Y  2 l",900101,LAVADORA DE BOTELLAS,55897,PLAN DE MTTO MEC LAV BOTELLAS L1 900101,13140424,PRESION ADECUADA BOMBA DE ENJUAGUE FINAL,PM02,ABIE,2023-10-20 05:00:00,,medio/Moderado,,"0,5"
0011,GASCOL SUR,0011-ENVASADO JUGOS HIT,EQUIPOS PARA  ENVASADO JUGOS HIT,710307,DEPALETIZADORA,28838,PLAN MTTO LUB DEPALETIZADORA L5 710307,13140329,LUBRICACION CADENAS DE PASO ACCIONAMIENT,PM02,ABIE,2023-10-20 05:00:00,,Muy elevado/Urgente,,"0,5"
0011,GASCOL SUR,0011-PLANTAS DE AGUAS,TRATAMIENTO DE AGUA PARA ENVASADO,719663,OZONIZADOR PTAP,46575,PLAN MTTO PREDIC. OZONIZADOR PTAP,13140422,PREDIC.  FUGAS DE AIRE ULTRASONIDO,PM07,ABIE,2023-10-20 05:00:00,,Muy elevado/Urgente,,"0,5"
0011,GASCOL SUR,0011-EQUIPOS AUXILIARES,EQUIPOS PARA SERVICIOS INDUSTRIALES,829073,COMPRESOR TORNILLO AIRE VEL. VARIABLE,29169,PLAN MTTO MEC COMPRES 829073 TORNI AIRE,13140371,MTTO MENSUAL.,PM02,ABIE,2023-10-20 05:00:00,,Muy elevado/Urgente,,"7,0"
0011,GASCOL SUR,0011-LINEA 1,"LINEA DE ENVASADO 1.25 l, 1,5 l  Y  2 l",900101,LAVADORA DE BOTELLAS,55897,PLAN DE MTTO MEC LAV BOTELLAS L1 900101,13140424,PRESION ADECUADA BOMBAS DE CALENTAMIENTO,PM02,ABIE,2023-10-20 05:00:00,,medio/Moderado,,"0,5"
0011,GASCOL SUR,0011-LINEA 1,"LINEA DE ENVASADO 1.25 l, 1,5 l  Y  2 l",900101,LAVADORA DE BOTELLAS,55897,PLAN DE MTTO MEC LAV BOTELLAS L1 900101,13140424,FUNCIONAMIENTO DE RIEGOS,PM02,ABIE,2023-10-20 05:00:00,,medio/Moderado,,"0,5"
0011,GASCOL SUR,0011-ENVASADO JUGOS HIT,EQUIPOS PARA  ENVASADO JUGOS HIT,720016,LAVADORA DE BOTELLAS-THANOS JUGOS,55941,PLAN DE MTTO MEC LAV BOTELLAS L5 720016,13140430,SISTEMAS DE EXTRACION DE ETIQUETA,PM02,ABIE,2023-10-20 05:00:00,,,,"0,5"
0011,GASCOL SUR,0011-ENVASADO JUGOS HIT,EQUIPOS PARA  ENVASADO JUGOS HIT,720016,LAVADORA DE BOTELLAS-THANOS JUGOS,55941,PLAN DE MTTO MEC LAV BOTELLAS L5 720016,13140430,TIEMPOS DE MECANISMO DE CARGUE Y DESCARG,PM02,ABIE,2023-10-20 05:00:00,,,,"0,5"
0011,GASCOL SUR,0011-LINEA 4,LINEA DE ENVASADO LATA,528834,CARBO COOLER,14283,PLAN MTTO LUB CARBO COOLER L4 528834,13140218,PURGAR EL ACEITE DE TANQUE DE RETORNO DE,PM02,ABIE,2023-10-20 05:00:00,,Muy elevado/Urgente,,"1,0"
0011,GASCOL SUR,0011-EQUIPOS AUXILIARES,EQUIPOS PARA SERVICIOS INDUSTRIALES,650005,CALDERA DE 400 BHP,21010,PLAN MTTO MEC CALDERA 400 BHP 650005,13140283,REALIZAR LAS PURGAS DE FONDO Y COLUMNA,PM02,ABIE,2023-10-20 05:00:00,,Muy elevado/Urgente,,"0,5"
0011,GASCOL SUR,0011-ENVASADO JUGOS HIT,EQUIPOS PARA  ENVASADO JUGOS HIT,710307,DEPALETIZADORA,28838,PLAN MTTO LUB DEPALETIZADORA L5 710307,13140329,LUBRICACION DE PISTAS DE ELEVACION Y TRA,PM02,ABIE,2023-10-20 05:00:00,,Muy elevado/Urgente,,"1,0"
0011,GASCOL SUR,0011-LINEA DISPENSADORES,LINEA ENVASADO BAG IN BOX,710310,LLENADORA DE BOLSAS BAG IN BOX,17121,PLAN MTTO MEC LLENADORA BIB 710310,13140229,MTTO QUINCENAL.,PM02,ABIE,2023-10-20 05:00:00,,Muy elevado/Urgente,,"4,0"
0011,GASCOL SUR,0011-LINEA 1,"LINEA DE ENVASADO 1.25 l, 1,5 l  Y  2 l",599561,INSPECTOR ELECTRONICO HEUFT,55906,PLAN DE MTTO ELEC INSPECTOR L1 599561,13140426,MTTO SITEMA DE RECHAZO,PM02,ABIE,2023-10-20 05:00:00,,,,"0,5"
0011,GASCOL SUR,0011-ENVASADO JUGOS HIT,EQUIPOS PARA  ENVASADO JUGOS HIT,720016,LAVADORA DE BOTELLAS-THANOS JUGOS,55941,PLAN DE MTTO MEC LAV BOTELLAS L5 720016,13140430,PRESION ADECUADA BOMBA DE ENJUAGUE FINAL,PM02,ABIE,2023-10-20 05:00:00,,,,"0,5"
0011,GASCOL SUR,0011-PREPARACION JUGOS HIT,EQUIPOS PARA PREPARACION JUGOS HIT,698430,FILTRO PRENSA,20861,PLAN MTTO MEC FILTRO PRENSA L5 698430,13140269,CAMBIO LONAS FILTRO PRENSA,PM02,ABIE,2023-10-20 05:00:00,,Muy elevado/Urgente,,"1,0"
0011,GASCOL SUR,0011-LINEA 1,"LINEA DE ENVASADO 1.25 l, 1,5 l  Y  2 l",599561,INSPECTOR ELECTRONICO HEUFT,55906,PLAN DE MTTO ELEC INSPECTOR L1 599561,13140426,MTTO LAMPARAS,PM02,ABIE,2023-10-20 05:00:00,,,,"1,0"
0011,GASCOL SUR,0011-ENVASADO JUGOS HIT,EQUIPOS PARA  ENVASADO JUGOS HIT,710307,DEPALETIZADORA,28838,PLAN MTTO LUB DEPALETIZADORA L5 710307,13140329,LUBRICACION CADENAS DE CONTRAPESAS PALET,PM02,ABIE,2023-10-20 05:00:00,,Muy elevado/Urgente,,"0,5"
0011,GASCOL SUR,0011-ENVASADO JUGOS HIT,EQUIPOS PARA  ENVASADO JUGOS HIT,720016,LAVADORA DE BOTELLAS-THANOS JUGOS,55941,PLAN DE MTTO MEC LAV BOTELLAS L5 720016,13140430,CADENAS TABLE-TOP MESA CARGUE,PM02,ABIE,2023-10-20 05:00:00,,,,"0,5"
0011,GASCOL SUR,0011-ENVASADO JUGOS HIT,EQUIPOS PARA  ENVASADO JUGOS HIT,720016,LAVADORA DE BOTELLAS-THANOS JUGOS,55941,PLAN DE MTTO MEC LAV BOTELLAS L5 720016,13140430,FUNCIONAMIENTO DE RIEGOS,PM02,ABIE,2023-10-20 05:00:00,,,,"0,5"
0011,GASCOL SUR,0011-ENVASADO JUGOS HIT,EQUIPOS PARA  ENVASADO JUGOS HIT,720016,LAVADORA DE BOTELLAS-THANOS JUGOS,55941,PLAN DE MTTO MEC LAV BOTELLAS L5 720016,13140430,PRESION ADECUADA BOMBAS DE CALENTAMIENTO,PM02,ABIE,2023-10-20 05:00:00,,,,"0,5"
0011,GASCOL SUR,0011-LINEA 1,"LINEA DE ENVASADO 1.25 l, 1,5 l  Y  2 l",900101,LAVADORA DE BOTELLAS,55897,PLAN DE MTTO MEC LAV BOTELLAS L1 900101,13140424,UNIDADES DE MTTO DE AIRE COMPRIMIDO,PM02,ABIE,2023-10-20 05:00:00,,medio/Moderado,,"0,5"
0011,GASCOL SUR,0011-LINEA 1,"LINEA DE ENVASADO 1.25 l, 1,5 l  Y  2 l",900101,LAVADORA DE BOTELLAS,55897,PLAN DE MTTO MEC LAV BOTELLAS L1 900101,13140424,PRESION ADECUADA DE AIRE,PM02,ABIE,2023-10-20 05:00:00,,medio/Moderado,,"0,5"
0011,GASCOL SUR,0011-LINEA 1,"LINEA DE ENVASADO 1.25 l, 1,5 l  Y  2 l",900101,LAVADORA DE BOTELLAS,55897,PLAN DE MTTO MEC LAV BOTELLAS L1 900101,13140424,INTERCAMBIADORES DE CALOR DE PLACAS,PM02,ABIE,2023-10-20 05:00:00,,medio/Moderado,,"0,5"
0011,GASCOL SUR,0011-LINEA 4,LINEA DE ENVASADO LATA,810007,CERRADORA DE LATA,21006,PLAN MTTO LUB CERRADORA LATA 810007,13140279,LUBRICACIÓN DE LOS CONJUNTOS DE TRANSMIS,PM02,ABIE,2023-10-20 05:00:00,,Muy elevado/Urgente,,"1,0"
0011,GASCOL SUR,0011-LINEA PET AGUA ALIGERADA,LINEA PET AGUA ALIGERADA,829872,LUBRICACION DE TRANSPORTADORES,28904,PLAN MTTO LUB LUBRIC TRASPORTAD 829872,13140350,MTTO LUBRICONTROL DE ACTUADORES NEUMATIC,PM02,ABIE,2023-10-20 05:00:00,,Muy elevado/Urgente,,"1,0"
0011,GASCOL SUR,0011-LINEA 1,"LINEA DE ENVASADO 1.25 l, 1,5 l  Y  2 l",900101,LAVADORA DE BOTELLAS,55897,PLAN DE MTTO MEC LAV BOTELLAS L1 900101,13140424,SINCRONISMO DE RIEGOS ROTATIVOS,PM02,ABIE,2023-10-20 05:00:00,,medio/Moderado,,"1,0"
0011,GASCOL SUR,0011-LINEA 1,"LINEA DE ENVASADO 1.25 l, 1,5 l  Y  2 l",599561,INSPECTOR ELECTRONICO HEUFT,55906,PLAN DE MTTO ELEC INSPECTOR L1 599561,13140426,MTTO SENSORES,PM02,ABIE,2023-10-20 05:00:00,,,,"1,5"
0011,GASCOL SUR,0011-LINEA 1,"LINEA DE ENVASADO 1.25 l, 1,5 l  Y  2 l",828996,PROCESADOR DE BEBIDA,9893,PLAN MTTO MEC PROCESADOR BEBIDA 828996,13132471,LIMPIAR Y LUBRICAR LA PARTE VISIBLE DE L,PM02,ABIE,2023-10-21 05:00:00,,Muy elevado/Urgente,,"0,3"
0011,GASCOL SUR,0011-AGUAS RESIDUALES  GASEOSA,TRATAMIENTO DE AGUAS DE DESECHO GASEOSAS,900065,TORRE ENFRIAMIENTO 2 AGUAS RESIDUALES,29001,PLAN MTTO LUB TORRE ENFRIA PTAR 900065,13132676,LUBRICAR COJINETES DE LA CAJA DE RODAMIE,PM02,ABIE,2023-10-21 05:00:00,,,,"0,2"
0011,GASCOL SUR,0011-AGUAS RESIDUALES  GASEOSA,TRATAMIENTO DE AGUAS DE DESECHO GASEOSAS,900065,TORRE ENFRIAMIENTO 2 AGUAS RESIDUALES,20876,PLAN MTTO ELE TORRE ENFRIA PTAR 900065,13132549,MTTO CONTROL DE NIVEL AGUA,PM02,ABIE,2023-10-21 05:00:00,,Muy elevado/Urgente,,"1,0"
0011,GASCOL SUR,0011-LINEA DISPENSADORES,LINEA ENVASADO BAG IN BOX,710310,LLENADORA DE BOLSAS BAG IN BOX,29045,PLAN MTTO ELE LLENADORA BIB 710310,13105223,MTTO PANEL DE CONTROL,PM02,ABIE,2023-10-21 05:00:00,,Muy elevado/Urgente,,"1,0"
0011,GASCOL SUR,0011-LINEA PET AGUA ALIGERADA,LINEA PET AGUA ALIGERADA,829873,TRANSPORTE DE ENVASES,28835,PLAN MTTO MEC TRANSP ENVASE 829873,13135059,"MTTO FLOWLINER, AJUSTE DE TRANSFERENCIA,",PM02,ABIE,2023-10-21 05:00:00,,Muy elevado/Urgente,,"2,0"
0011,GASCOL SUR,0011-LINEA 1,"LINEA DE ENVASADO 1.25 l, 1,5 l  Y  2 l",828996,PROCESADOR DE BEBIDA,9893,PLAN MTTO MEC PROCESADOR BEBIDA 828996,13132471,MTTO CONJUNTO MANEJO CONTROL VACIO,PM02,ABIE,2023-10-21 05:00:00,,Muy elevado/Urgente,,"1,0"
0011,GASCOL SUR,0011-LINEA PET AGUA ALIGERADA,LINEA PET AGUA ALIGERADA,820213,LIMPIEZA POR ESPUMA,28875,PLAN MTTO MEC LIMPIEZA POR ESPUMA 82021,13123411,COMPROBACION DE ESTANQUEIDAD DE LA ESTAC,PM02,ABIE,2023-10-21 05:00:00,,Muy elevado/Urgente,,"0,5"
0011,GASCOL SUR,0011-LINEA 1,"LINEA DE ENVASADO 1.25 l, 1,5 l  Y  2 l",828996,PROCESADOR DE BEBIDA,9893,PLAN MTTO MEC PROCESADOR BEBIDA 828996,13132471,MTTO VALVULAS DE PASO ON-OFF,PM02,ABIE,2023-10-21 05:00:00,,Muy elevado/Urgente,,"2,0"
0011,GASCOL SUR,0011-LINEA 1,"LINEA DE ENVASADO 1.25 l, 1,5 l  Y  2 l",820030,TANDEM DE PALETIZADO,20432,PLAN MTTO ELE TANDEM DE PALET L3 820030,13132489,MTTO FOTOCELDAS,PM02,ABIE,2023-10-21 05:00:00,,Muy elevado/Urgente,,"2,0"
0011,GASCOL SUR,0011-LINEA DISPENSADORES,LINEA ENVASADO BAG IN BOX,710310,LLENADORA DE BOLSAS BAG IN BOX,29045,PLAN MTTO ELE LLENADORA BIB 710310,13105223,MTTO SENSORES ELECTRICOS,PM02,ABIE,2023-10-21 05:00:00,,Muy elevado/Urgente,,"1,0"
0011,GASCOL SUR,0011-ENVASADO JUGOS HIT,EQUIPOS PARA  ENVASADO JUGOS HIT,710306,ENJUAGADORA,46561,PLAN MTTO PREDIC ETIQUETADORA MANGAS,13097889,ANALISIS DE LA CALIDAD DE ACEITE,PM07,ABIE,2023-10-21 05:00:00,,Muy elevado/Urgente,,"0,5"
0011,GASCOL SUR,0011-EQUIPOS AUXILIARES,EQUIPOS PARA SERVICIOS INDUSTRIALES,900062,CALDERA DE 500 BHP,21008,PLAN MTTO MEC CALDERA 500 BHP 900062,13140282,REALIZAR LAS PURGAS DE FONDO Y COLUMNA,PM02,ABIE,2023-10-21 05:00:00,,Muy elevado/Urgente,,"0,5"
0011,GASCOL SUR,0011-ENVASADO JUGOS HIT,EQUIPOS PARA  ENVASADO JUGOS HIT,900053,COOLER,7166,PLAN MTTO LUB COOLER 900053,13132465,LUBICACION BUJE CENTRAL EJE CONDUCTOR,PM02,ABIE,2023-10-21 05:00:00,,Muy elevado/Urgente,,"0,5"
0011,GASCOL SUR,0011-SALA DE JARABES,EQUIPOS PARA  PREPARACION DE JARABE,690022,FILTRO DE BUJIAS,46564,PLAN MTTO PREDIC BOMBAS JARABE PRODUCC,13097892,TERMOGRAFÍA TAB. POTENCIA Y CONTROL,PM07,ABIE,2023-10-21 05:00:00,,Muy elevado/Urgente,,"0,5"
0011,GASCOL SUR,0011-SALA DE JARABES,EQUIPOS PARA  PREPARACION DE JARABE,709947,SKID DISOLUCION EN CALIENTE,46563,PLAN MTTO PREDIC BOMBAS JARABE PRODUCC,13097891,MTTO FUGAS DE AIRE ULTRASONIDO,PM07,ABIE,2023-10-21 05:00:00,,Muy elevado/Urgente,,"0,5"
0011,GASCOL SUR,0011-SALA DE JARABES,EQUIPOS PARA  PREPARACION DE JARABE,69960620,BOMBAS PARA JARABE  HACIA PRODUCCION,46562,PLAN MTTO PREDIC ETIQUETADORA MANGAS,13097890,MEDICION AMPERAJES Y AISLAMIENTOS,PM07,ABIE,2023-10-21 05:00:00,,Muy elevado/Urgente,,"0,5"
0011,GASCOL SUR,0011-ENVASADO JUGOS HIT,EQUIPOS PARA  ENVASADO JUGOS HIT,710306,ENJUAGADORA,46561,PLAN MTTO PREDIC ETIQUETADORA MANGAS,13097889,TERMOGRAFÍA TAB. POTENCIA Y CONTROL,PM07,ABIE,2023-10-21 05:00:00,,Muy elevado/Urgente,,"0,5"
0011,GASCOL SUR,0011-ENVASADO JUGOS HIT,EQUIPOS PARA  ENVASADO JUGOS HIT,710306,ENJUAGADORA,46561,PLAN MTTO PREDIC ETIQUETADORA MANGAS,13097889,MTTO FUGAS DE AIRE ULTRASONIDO,PM07,ABIE,2023-10-21 05:00:00,,Muy elevado/Urgente,,"0,5"
0011,GASCOL SUR,0011-SALA DE JARABES,EQUIPOS PARA  PREPARACION DE JARABE,709947,SKID DISOLUCION EN CALIENTE,46563,PLAN MTTO PREDIC BOMBAS JARABE PRODUCC,13097891,TERMOGRAFÍA TAB. POTENCIA Y CONTROL,PM07,ABIE,2023-10-21 05:00:00,,Muy elevado/Urgente,,"0,5"
0011,GASCOL SUR,0011-ENVASADO JUGOS HIT,EQUIPOS PARA  ENVASADO JUGOS HIT,710306,ENJUAGADORA,15393,PLAN MTTO MEC ENJUAGADORA 710306,13140221,MTTO DE PINZAS Y SEGUIDORES DE LEVA,PM02,ABIE,2023-10-21 05:00:00,,,,"2,0"
0011,GASCOL SUR,0011-LINEA PET AGUA ALIGERADA,LINEA PET AGUA ALIGERADA,820213,LIMPIEZA POR ESPUMA,28875,PLAN MTTO MEC LIMPIEZA POR ESPUMA 82021,13123411,MTTO BOMBA ENTRADA PRICIPAL DE AGUA REF,PM02,ABIE,2023-10-21 05:00:00,,Muy elevado/Urgente,,"4,0"
0011,GASCOL SUR,0011-LINEA 1,"LINEA DE ENVASADO 1.25 l, 1,5 l  Y  2 l",820030,TANDEM DE PALETIZADO,20432,PLAN MTTO ELE TANDEM DE PALET L3 820030,13132489,MTTO ELECTROVALVULAS PISTONES UÑAS,PM02,ABIE,2023-10-21 05:00:00,,Muy elevado/Urgente,,"2,0"
0011,GASCOL SUR,0011-ENVASADO JUGOS HIT,EQUIPOS PARA  ENVASADO JUGOS HIT,589687,CODIFICADOR ENVASADO JUGOS HIT,34531,PLAN MTTO ELÉ CODIFICADOR L5 589687,13140391,""",,COMPROBAR TUNEL DE CARGA CABEZAL",PM02,ABIE,2023-10-21 05:00:00,,Muy elevado/Urgente,,"0,5"
0011,GASCOL SUR,0011-LINEA 1,"LINEA DE ENVASADO 1.25 l, 1,5 l  Y  2 l",820030,TANDEM DE PALETIZADO,20432,PLAN MTTO ELE TANDEM DE PALET L3 820030,13132489,MTTO MICROSWITCHS.,PM02,ABIE,2023-10-21 05:00:00,,Muy elevado/Urgente,,"2,0"
0011,GASCOL SUR,0011-SALA DE JARABES,EQUIPOS PARA  PREPARACION DE JARABE,69960620,BOMBAS PARA JARABE  HACIA PRODUCCION,46562,PLAN MTTO PREDIC ETIQUETADORA MANGAS,13097890,TERMOGRAFÍA TAB. POTENCIA Y CONTROL,PM07,ABIE,2023-10-21 05:00:00,,Muy elevado/Urgente,,"0,5"
0011,GASCOL SUR,0011-LINEA PET AGUA ALIGERADA,LINEA PET AGUA ALIGERADA,519562,LLENADORA DE BOTELLAS PET 48 VALVULAS,27480,PLAN MTTO LUB LLENADORA PET 519562,13140326,LUBRICACION CENTRALIZADA CARRUSEL. CELER,PM02,ABIE,2023-10-21 05:00:00,,Muy elevado/Urgente,,"0,2"
0011,GASCOL SUR,0011-LINEA PET AGUA ALIGERADA,LINEA PET AGUA ALIGERADA,829875,TRANSPORTE DE PALETS,28882,PLAN MTTO ELE TRANSP DE PALETS 829875,13140342,"COMPROBAR BARRERAS DE LUZ, REFLECTORES;",PM02,ABIE,2023-10-21 05:00:00,,Muy elevado/Urgente,,"1,0"
0011,GASCOL SUR,0011-LINEA 1,"LINEA DE ENVASADO 1.25 l, 1,5 l  Y  2 l",820030,TANDEM DE PALETIZADO,20432,PLAN MTTO ELE TANDEM DE PALET L3 820030,13132489,MTTO SENSORES,PM02,ABIE,2023-10-21 05:00:00,,Muy elevado/Urgente,,"2,0"
0011,GASCOL SUR,0011-EQUIPOS AUXILIARES,EQUIPOS PARA SERVICIOS INDUSTRIALES,90006202,MEDIDOR DE GAS NATURAL No. 2,28923,PLAN MTTO MEDIDOR DE GAS NATURAL No. 2,13140352,COMPROBAR PERIODICAMENTE EN BUSCA DE DET,PM02,ABIE,2023-10-21 05:00:00,,Muy elevado/Urgente,,"1,0"
0011,GASCOL SUR,0011-ENVASADO JUGOS HIT,EQUIPOS PARA  ENVASADO JUGOS HIT,710309,CAPSULADORA WHITE CUP,28937,PLAN MTTO LUB WHITE CAP 710309,13132665,LUBRICACION GENERAL DE LA WHITE CUP,PM02,ABIE,2023-10-21 05:00:00,,Muy elevado/Urgente,,"2,0"
0011,GASCOL SUR,0011-ENVASADO JUGOS HIT,EQUIPOS PARA  ENVASADO JUGOS HIT,710306,ENJUAGADORA,29003,PLAN MTTO LUB ENJUAGADORA 710306,13132679,LUBRICACION GENERAL ENJUAGADORA,PM02,ABIE,2023-10-21 05:00:00,,Muy elevado/Urgente,,"2,0"
0011,GASCOL SUR,0011-SALA DE JARABES,EQUIPOS PARA  PREPARACION DE JARABE,690022,FILTRO DE BUJIAS,46564,PLAN MTTO PREDIC BOMBAS JARABE PRODUCC,13097892,MTTO FUGAS DE AIRE ULTRASONIDO,PM07,ABIE,2023-10-21 05:00:00,,Muy elevado/Urgente,,"0,5"
0011,GASCOL SUR,0011-SALA DE JARABES,EQUIPOS PARA  PREPARACION DE JARABE,690022,FILTRO DE BUJIAS,46564,PLAN MTTO PREDIC BOMBAS JARABE PRODUCC,13097892,MEDICION AMPERAJES Y AISLAMIENTOS,PM07,ABIE,2023-10-21 05:00:00,,Muy elevado/Urgente,,"0,5"
0011,GASCOL SUR,0011-ENVASADO JUGOS HIT,EQUIPOS PARA  ENVASADO JUGOS HIT,710306,ENJUAGADORA,46561,PLAN MTTO PREDIC ETIQUETADORA MANGAS,13097889,MEDICION AMPERAJES Y AISLAMIENTOS,PM07,ABIE,2023-10-21 05:00:00,,Muy elevado/Urgente,,"0,5"
0011,GASCOL SUR,0011-ENVASADO JUGOS HIT,EQUIPOS PARA  ENVASADO JUGOS HIT,599564,INSPECTOR ELECTRONICO,46528,PLAN MTTO PREDIC LAVADORA DE BOTELLAS L5,13097888,MEDICION AMPERAJES Y AISLAMIENTOS,PM07,LIB.,2023-10-21 05:00:00,,Muy elevado/Urgente,,"0,5"
0011,GASCOL SUR,0011-SALA DE JARABES,EQUIPOS PARA  PREPARACION DE JARABE,709947,SKID DISOLUCION EN CALIENTE,46563,PLAN MTTO PREDIC BOMBAS JARABE PRODUCC,13097891,MEDICION AMPERAJES Y AISLAMIENTOS,PM07,ABIE,2023-10-21 05:00:00,,Muy elevado/Urgente,,"0,5"
0011,GASCOL SUR,0011-ENVASADO JUGOS HIT,EQUIPOS PARA  ENVASADO JUGOS HIT,599564,INSPECTOR ELECTRONICO,46528,PLAN MTTO PREDIC LAVADORA DE BOTELLAS L5,13097888,MTTO FUGAS DE AIRE ULTRASONIDO,PM07,LIB.,2023-10-21 05:00:00,,Muy elevado/Urgente,,"0,5"
0011,GASCOL SUR,0011-ENVASADO JUGOS HIT,EQUIPOS PARA  ENVASADO JUGOS HIT,599564,INSPECTOR ELECTRONICO,46528,PLAN MTTO PREDIC LAVADORA DE BOTELLAS L5,13097888,TERMOGRAFÍA TAB. POTENCIA Y CONTROL,PM07,LIB.,2023-10-21 05:00:00,,Muy elevado/Urgente,,"0,5"
0011,GASCOL SUR,0011-LINEA 4,LINEA DE ENVASADO LATA,810006,LLENADORA  DE LATA,20452,OB.MTTO ANUAL,13118914,MTTO DUCHAS DE LAVADO. ORIENTAR Y COMPRO,PM02,LIB.,2023-10-23 05:00:00,,Muy elevado/Urgente,,"0,5"
0011,GASCOL SUR,0011-LINEA 4,LINEA DE ENVASADO LATA,810006,LLENADORA  DE LATA,20452,OB.MTTO ANUAL,13118914,MTTO VALVULAS DE LLENADO VASO-TULIPA,PM02,LIB.,2023-10-23 05:00:00,,Muy elevado/Urgente,,"0,5"
0011,GASCOL SUR,0011-PLANTAS DE AGUAS,TRATAMIENTO DE AGUA PARA ENVASADO,709492,FLOCULADOR No 2,34810,PLAN MTTO LUB FLOCULAD No 2 PTAP 709492,13132743,LUBRICACION DE COJINETES Y CADENAS DE PA,PM02,ABIE,2023-10-23 05:00:00,,Muy elevado/Urgente,,"0,3"
0011,GASCOL SUR,0011-LINEA 4,LINEA DE ENVASADO LATA,628907,COMPRESOR DE REFRIGERACION No. 2,5047,PLAN MTTO LUB COMPR 2 L4 REFRIGE 628907,13132459,"COMPROBAR RETORNO ACEITE, REAJUSTAR ACEI",PM02,ABIE,2023-10-23 05:00:00,,Muy elevado/Urgente,,"0,5"
0011,GASCOL SUR,0011-PLANTAS DE AGUAS,TRATAMIENTO DE AGUA PARA ENVASADO,70965103,TANQUE ALMACENAMIENTO AGUA MR TEA,29196,PLAN MTTO LUB TANQUE 70965103 ALMACENAMI,13132728,LUBRICAR COJINETES CON GRASA DE LA BOMBA,PM02,ABIE,2023-10-23 05:00:00,,Muy elevado/Urgente,,"0,2"
0011,GASCOL SUR,0011-ENVASADO JUGOS HIT,EQUIPOS PARA  ENVASADO JUGOS HIT,710304,ENFARDADORA,15405,PLAN MTTO MEC ENFARDADORA L5 710304,13140226,CAMBIO GENERAL DE RODAMIENTOS,PM02,ABIE,2023-10-23 05:00:00,,Muy elevado/Urgente,,"32,0"
0011,GASCOL SUR,0011-PLANTAS DE AGUAS,TRATAMIENTO DE AGUA PARA ENVASADO,690048,FILTRO DE CARBON ACTIVADO No 2,34963,PLAN MTTO FILTO CARBON No 2 PTAP 690048,13105275,MTTO ANUAL,PM02,ABIE,2023-10-23 05:00:00,,Muy elevado/Urgente,,"1,0"
0011,GASCOL SUR,0011-EQUIPOS AUXILIARES,EQUIPOS PARA SERVICIOS INDUSTRIALES,660012,TORRE DE ENFRIAMIENTO No. 1,20872,PLAN MTTO ELE TORRE ENFRIA 1 660012,13132543,MTTO CONTROL DE NIVEL AGUA,PM02,ABIE,2023-10-23 05:00:00,,Muy elevado/Urgente,,"1,0"
0011,GASCOL SUR,0011-ENVASADO JUGOS HIT,EQUIPOS PARA  ENVASADO JUGOS HIT,900055,TRANSPORTADOR DE BOTELLAS,28934,PLAN MTTO LUB TRANSPOR BOTELL L5 900055,13132664,ZONA 3 LUBRICAR CHUMACERAS CON VARIPLEX,PM02,ABIE,2023-10-23 05:00:00,,Muy elevado/Urgente,,"1,0"
0011,GASCOL SUR,0011-ENVASADO JUGOS HIT,EQUIPOS PARA  ENVASADO JUGOS HIT,900055,TRANSPORTADOR DE BOTELLAS,28934,PLAN MTTO LUB TRANSPOR BOTELL L5 900055,13132664,ZONA 1 LUBRICAR CHUMACERAS CON VARIPLEX,PM02,ABIE,2023-10-23 05:00:00,,Muy elevado/Urgente,,"1,0"
0011,GASCOL SUR,0011-LINEA PET AGUA ALIGERADA,LINEA PET AGUA ALIGERADA,820304,SALA LIMPIA,28897,PLAN MTTO ELE SALA LIMPIA 820304,13132652,COMPROBACION DE LAMP LED Y CONECTORES,PM02,ABIE,2023-10-23 05:00:00,,Muy elevado/Urgente,,"1,0"
0011,GASCOL SUR,0011-LINEA PET AGUA ALIGERADA,LINEA PET AGUA ALIGERADA,820084,ETIQUETADORA ENVOLVENTE,28861,PLAN MTTO LUB ETIQUETADORA L7 820084,13140337,LUBRICACION SEMANAL,PM02,ABIE,2023-10-23 05:00:00,,Muy elevado/Urgente,,"1,0"
0011,GASCOL SUR,0011-PLANTAS DE AGUAS,TRATAMIENTO DE AGUA PARA ENVASADO,709763,SISTEMA CIP,34965,PLAN MTTO MEC SISTEMA CIP PTAP 709763,13105279,MTTO DE BOMBA N° 2. COMPROBAR ESTADO DE,PM02,ABIE,2023-10-23 05:00:00,,Muy elevado/Urgente,,"1,0"
0011,GASCOL SUR,0011-PLANTAS DE AGUAS,TRATAMIENTO DE AGUA PARA ENVASADO,709763,SISTEMA CIP,34965,PLAN MTTO MEC SISTEMA CIP PTAP 709763,13105279,MTTO TRAMPA BOMBA DE CONDENSADOS. COMPRO,PM02,ABIE,2023-10-23 05:00:00,,Muy elevado/Urgente,,"1,0"
0011,GASCOL SUR,0011-PLANTAS DE AGUAS,TRATAMIENTO DE AGUA PARA ENVASADO,709810,LAMPARA UV PTAP,35083,PLAN MTTO LAMPARA UV PTAP 709810,13105283,"MTTO ANUAL, CAMBIO DE LAMPARAS, CUARZOS.",PM02,ABIE,2023-10-23 05:00:00,,Muy elevado/Urgente,,"1,0"
0011,GASCOL SUR,0011-EQUIPOS AUXILIARES,EQUIPOS PARA SERVICIOS INDUSTRIALES,900066,TANQUE DE ALMACENAMIENTO PULMON Y AGUA,21114,PLAN MTTO LUB TANQ PULMON Y AGUA 900066,13132567,LUBRICACION MENSUAL.,PM02,ABIE,2023-10-23 05:00:00,,Muy elevado/Urgente,,"1,0"
0011,GASCOL SUR,0011-EQUIPOS AUXILIARES,EQUIPOS PARA SERVICIOS INDUSTRIALES,660013,TORRE DE ENFRIAMIENTO No. 2,20874,PLAN MTTO ELE TORRE ENFRIA 2 660013,13132546,MTTO CONTROL DE NIVEL AGUA,PM02,ABIE,2023-10-23 05:00:00,,Muy elevado/Urgente,,"1,0"
0011,GASCOL SUR,0011-PLANTAS DE AGUAS,TRATAMIENTO DE AGUA PARA ENVASADO,709764,GRUPO DE PULIDORES DE AGUA,34934,PLAN MTTO GRUPO DE PULIDORES AGUA 709764,13105269,"MTTO ACCESORIOS, MANOMETROS, VALVULAS, T",PM02,ABIE,2023-10-23 05:00:00,,Muy elevado/Urgente,,"1,0"
0011,GASCOL SUR,0011-PLANTAS DE AGUAS,TRATAMIENTO DE AGUA PARA ENVASADO,690049,FILTRO DE CARBON ACTIVADO No 3,34964,PLAN MTTO FILTO CARBON No 3 PTAP 690049,13105277,MTTO ANUAL,PM02,ABIE,2023-10-23 05:00:00,,Muy elevado/Urgente,,"1,0"
0011,GASCOL SUR,0011-PLANTAS DE AGUAS,TRATAMIENTO DE AGUA PARA ENVASADO,709764,GRUPO DE PULIDORES DE AGUA,34934,PLAN MTTO GRUPO DE PULIDORES AGUA 709764,13105269,MTTO VALVULA REGULADORA AGUA DE ENTRADA,PM02,ABIE,2023-10-23 05:00:00,,Muy elevado/Urgente,,"1,0"
0011,GASCOL SUR,0011-LINEA 4,LINEA DE ENVASADO LATA,810006,LLENADORA  DE LATA,20452,OB.MTTO ANUAL,13118914,MTTO ARBOL CENTRAL,PM02,LIB.,2023-10-23 05:00:00,,Muy elevado/Urgente,,"3,0"
0011,GASCOL SUR,0011-ENVASADO JUGOS HIT,EQUIPOS PARA  ENVASADO JUGOS HIT,900055,TRANSPORTADOR DE BOTELLAS,28934,PLAN MTTO LUB TRANSPOR BOTELL L5 900055,13132664,"ZONA 1 LUBRICAR CON GRASA PIÑONES, CADEN",PM02,ABIE,2023-10-23 05:00:00,,Muy elevado/Urgente,,"0,5"
0011,GASCOL SUR,0011-PLANTAS DE AGUAS,TRATAMIENTO DE AGUA PARA ENVASADO,709763,SISTEMA CIP,34965,PLAN MTTO MEC SISTEMA CIP PTAP 709763,13105279,MTTO DE BOMBA N° 1. COMPROBAR ESTADO DE,PM02,ABIE,2023-10-23 05:00:00,,Muy elevado/Urgente,,"1,0"
0011,GASCOL SUR,0011-LINEA 4,LINEA DE ENVASADO LATA,810006,LLENADORA  DE LATA,20452,OB.MTTO ANUAL,13118914,MTTO REDUCTORES DE TRANSMISION.,PM02,LIB.,2023-10-23 05:00:00,,Muy elevado/Urgente,,"48,0"
0011,GASCOL SUR,0011-LINEA 1,"LINEA DE ENVASADO 1.25 l, 1,5 l  Y  2 l",51859401,ELEVADOR DE TAPA,20444,PLAN MTTO LUB ELEVADOR TAPAS L3 51859401,13132493,LUBRICACION CONJUNTO DE CHUMACERAS,PM02,ABIE,2023-10-23 05:00:00,,Muy elevado/Urgente,,"1,0"
0011,GASCOL SUR,0011-ENVASADO JUGOS HIT,EQUIPOS PARA  ENVASADO JUGOS HIT,710304,ENFARDADORA,15405,PLAN MTTO MEC ENFARDADORA L5 710304,13140226,CAMBIO DE BANDAS DE ASCENSO DE PE,PM02,ABIE,2023-10-23 05:00:00,,Muy elevado/Urgente,,"24,0"
0011,GASCOL SUR,0011-EQUIPOS AUXILIARES,EQUIPOS PARA SERVICIOS INDUSTRIALES,900064,TORRE DE ENFRIAMIENTO JUGOS,20850,PLAN MTTO ELE TORRE 900064 DE ENFRIAMIEN,13132538,MTTO SEMESTRAL.,PM02,ABIE,2023-10-23 05:00:00,,Muy elevado/Urgente,,"1,0"
0011,GASCOL SUR,0011-LINEA 4,LINEA DE ENVASADO LATA,810006,LLENADORA  DE LATA,20452,OB.MTTO ANUAL,13118914,MTTO VALVULAS DE LLENADO-SNIFF,PM02,LIB.,2023-10-23 05:00:00,,Muy elevado/Urgente,,"24,0"
0011,GASCOL SUR,0011-PLANTAS DE AGUAS,TRATAMIENTO DE AGUA PARA ENVASADO,709763,SISTEMA CIP,34965,PLAN MTTO MEC SISTEMA CIP PTAP 709763,13105279,MTTO INTERCAMBIADOR DE PLACAS ALFA-LAVAL,PM02,ABIE,2023-10-23 05:00:00,,Muy elevado/Urgente,,"1,0"
0011,GASCOL SUR,0011-LINEA 4,LINEA DE ENVASADO LATA,810006,LLENADORA  DE LATA,20452,OB.MTTO ANUAL,13118914,DESTAPAR CALDERÍN PARA VERIFICAR ESTADO,PM02,LIB.,2023-10-23 05:00:00,,Muy elevado/Urgente,,"8,0"
0011,GASCOL SUR,0011-ENVASADO JUGOS HIT,EQUIPOS PARA  ENVASADO JUGOS HIT,900055,TRANSPORTADOR DE BOTELLAS,28934,PLAN MTTO LUB TRANSPOR BOTELL L5 900055,13132664,ZONA 2 LUBRICAR CHUMACERAS CON VARIPLEX,PM02,ABIE,2023-10-23 05:00:00,,Muy elevado/Urgente,,"1,0"
0011,GASCOL SUR,0011-LINEA 4,LINEA DE ENVASADO LATA,810006,LLENADORA  DE LATA,20452,OB.MTTO ANUAL,13118914,MTTO CARRUSEL DE LA LLENADORA,PM02,LIB.,2023-10-23 05:00:00,,Muy elevado/Urgente,,"2,0"
0011,GASCOL SUR,0011-ENVASADO JUGOS HIT,EQUIPOS PARA  ENVASADO JUGOS HIT,900055,TRANSPORTADOR DE BOTELLAS,28934,PLAN MTTO LUB TRANSPOR BOTELL L5 900055,13132664,MTTO RED DE LUB TRANSPORTADOR BOTELLAS,PM02,ABIE,2023-10-23 05:00:00,,Muy elevado/Urgente,,"1,0"
0011,GASCOL SUR,0011-LINEA 4,LINEA DE ENVASADO LATA,810006,LLENADORA  DE LATA,28992,PLAN MTTO ELE LLENADORA LATA 810006,13132675,"MTTO ELECTROVALVULAS DUCHAS DE AGUA, TOP",PM02,ABIE,2023-10-23 05:00:00,,Muy elevado/Urgente,,"1,0"
0011,GASCOL SUR,0011-PLANTAS DE AGUAS,TRATAMIENTO DE AGUA PARA ENVASADO,70948205,TANQUE DE EQUILIBRIO,21149,PLAN MTTO LUB TANQUE DE EQUILIB 70948205,13132580,LUBRICAR RODAMIENTOS DE MOTORES CON GRA,PM02,ABIE,2023-10-23 05:00:00,,,,"0,5"
0011,GASCOL SUR,0011-LINEA 4,LINEA DE ENVASADO LATA,810006,LLENADORA  DE LATA,20452,OB.MTTO ANUAL,13118914,MTTO TUBOS VENTEO,PM02,LIB.,2023-10-23 05:00:00,,Muy elevado/Urgente,,"1,0"
0011,GASCOL SUR,0011-LINEA 4,LINEA DE ENVASADO LATA,810006,LLENADORA  DE LATA,28992,PLAN MTTO ELE LLENADORA LATA 810006,13132675,"MTTO SENSORES CONTROL VELOCIDAD, PRESENC",PM02,ABIE,2023-10-23 05:00:00,,Muy elevado/Urgente,,"1,0"
0011,GASCOL SUR,0011-EQUIPOS AUXILIARES,EQUIPOS PARA SERVICIOS INDUSTRIALES,660013,TORRE DE ENFRIAMIENTO No. 2,20879,PLAN MTTO LUB TORRE ENFRIA 2 660013,13132550,LUBRICAR COJINETES DE LA CAJA DE RODAMIE,PM02,ABIE,2023-10-23 05:00:00,,Muy elevado/Urgente,,"0,5"
0011,GASCOL SUR,0011-LINEA 4,LINEA DE ENVASADO LATA,810006,LLENADORA  DE LATA,20452,OB.MTTO ANUAL,13118914,CAMBIO DE FILTROS DE LA BATERIA AIRE,PM02,LIB.,2023-10-23 05:00:00,,Muy elevado/Urgente,,"1,0"
0011,GASCOL SUR,0011-LINEA 4,LINEA DE ENVASADO LATA,810006,LLENADORA  DE LATA,20452,OB.MTTO ANUAL,13118914,ANALISIS CALIDAD AIRE,PM02,LIB.,2023-10-23 05:00:00,,Muy elevado/Urgente,,"1,0"
0011,GASCOL SUR,0011-LINEA 4,LINEA DE ENVASADO LATA,628875,COMPRESOR DE REFRIGERACION No. 1,5046,PLAN MTTO LUB COMPR 1 L4 REFRIGE 628875,13132458,"COMPROBAR RETORNO ACEITE, REAJUSTAR ACEI",PM02,ABIE,2023-10-23 05:00:00,,Muy elevado/Urgente,,"0,5"
0011,GASCOL SUR,0011-ENVASADO JUGOS HIT,EQUIPOS PARA  ENVASADO JUGOS HIT,710304,ENFARDADORA,15405,PLAN MTTO MEC ENFARDADORA L5 710304,13140226,CAMBIO DE CUCHILLA DE CORTE DE PE,PM02,ABIE,2023-10-23 05:00:00,,Muy elevado/Urgente,,"2,0"
0011,GASCOL SUR,0011-PLANTAS DE AGUAS,TRATAMIENTO DE AGUA PARA ENVASADO,70948202,BOMBAS AGUA LAVADORAS,4093,PLAN MTTO LUB BOMBAS AGUA LAV 70948202,13132455,LUBRICACION COJINETES DE BOMBAS DE AGUA,PM02,ABIE,2023-10-23 05:00:00,,Muy elevado/Urgente,,"0,5"
0011,GASCOL SUR,0011-LINEA 4,LINEA DE ENVASADO LATA,810006,LLENADORA  DE LATA,20452,OB.MTTO ANUAL,13118914,MTTO DE MARIPOSAS.,PM02,LIB.,2023-10-23 05:00:00,,Muy elevado/Urgente,,"12,0"
0011,GASCOL SUR,0011-EQUIPOS AUXILIARES,EQUIPOS PARA SERVICIOS INDUSTRIALES,660012,TORRE DE ENFRIAMIENTO No. 1,28990,PLAN MTTO LUB TORRE ENFRIA 1 660012,13132674,LUBRICAR COJINETES DE LA CAJA DE RODAMIE,PM02,ABIE,2023-10-23 05:00:00,,Muy elevado/Urgente,,"0,5"
0011,GASCOL SUR,0011-LINEA 1,"LINEA DE ENVASADO 1.25 l, 1,5 l  Y  2 l",518625,LLENADORA H&K,41404,PLAN MTTO ELE LLENADORA 518625,13132775,MTTO MICROSWITCH ALTURA CORONADORA,PM02,ABIE,2023-10-23 05:00:00,,,,"1,0"
0011,GASCOL SUR,0011-ENVASADO JUGOS HIT,EQUIPOS PARA  ENVASADO JUGOS HIT,710304,ENFARDADORA,15405,PLAN MTTO MEC ENFARDADORA L5 710304,13140226,MTTO DE EMBRAGUES Y FRENO,PM02,ABIE,2023-10-23 05:00:00,,Muy elevado/Urgente,,"2,0"
0011,GASCOL SUR,0011-LINEA 4,LINEA DE ENVASADO LATA,810006,LLENADORA  DE LATA,20452,OB.MTTO ANUAL,13118914,MTTO SISTEMA MANEJO DE LATA; ESTRELLA DE,PM02,LIB.,2023-10-23 05:00:00,,Muy elevado/Urgente,,"4,0"
0011,GASCOL SUR,0011-EQUIPOS AUXILIARES,EQUIPOS PARA SERVICIOS INDUSTRIALES,820144,SECADOR DE AIRE,21111,PLAN MTTO SECADOR ATLAS COPCS 820144,13140286,MTTO MENSUAL.,PM02,ABIE,2023-10-23 05:00:00,,Muy elevado/Urgente,,"2,0"
0011,GASCOL SUR,0011-ENVASADO JUGOS HIT,EQUIPOS PARA  ENVASADO JUGOS HIT,710304,ENFARDADORA,15405,PLAN MTTO MEC ENFARDADORA L5 710304,13140226,APRIETE GENERAL,PM02,ABIE,2023-10-23 05:00:00,,Muy elevado/Urgente,,"4,0"
0011,GASCOL SUR,0011-ENVASADO JUGOS HIT,EQUIPOS PARA  ENVASADO JUGOS HIT,900055,TRANSPORTADOR DE BOTELLAS,28934,PLAN MTTO LUB TRANSPOR BOTELL L5 900055,13132664,"ZONA 3 LUBRICAR CON GRASA PIÑONES, CADEN",PM02,ABIE,2023-10-23 05:00:00,,Muy elevado/Urgente,,"0,5"
0011,GASCOL SUR,0011-LINEA 4,LINEA DE ENVASADO LATA,810006,LLENADORA  DE LATA,20452,OB.MTTO ANUAL,13118914,MTTO CENTRADORES DE LATA,PM02,LIB.,2023-10-23 05:00:00,,Muy elevado/Urgente,,"16,0"
0011,GASCOL SUR,0011-PLANTAS DE AGUAS,TRATAMIENTO DE AGUA PARA ENVASADO,709492,FLOCULADOR No 2,34808,PLAN MTTO MECFLOCULADOR No 2 PTAP 709492,13105263,MTTO REDUCTOR FLOCULADOR.,PM02,ABIE,2023-10-23 05:00:00,,Muy elevado/Urgente,,"6,0"
0011,GASCOL SUR,0011-LINEA 1,"LINEA DE ENVASADO 1.25 l, 1,5 l  Y  2 l",518625,LLENADORA H&K,41404,PLAN MTTO ELE LLENADORA 518625,13132775,MTTO ELECTRICO SENSORES. PISTON ELEVADOR,PM02,ABIE,2023-10-23 05:00:00,,,,"0,5"
0011,GASCOL SUR,0011-LINEA 4,LINEA DE ENVASADO LATA,810006,LLENADORA  DE LATA,20452,OB.MTTO ANUAL,13118914,MTTO RODILLO TENSOR DE CORREA DENTADA,PM02,LIB.,2023-10-23 05:00:00,,Muy elevado/Urgente,,"1,0"
0011,GASCOL SUR,0011-LINEA 4,LINEA DE ENVASADO LATA,810006,LLENADORA  DE LATA,20452,OB.MTTO ANUAL,13118914,"MTTO AL GATO DE ELEVACIÓN 1, 2, 3",PM02,LIB.,2023-10-23 05:00:00,,Muy elevado/Urgente,,"5,0"
0011,GASCOL SUR,0011-ENVASADO JUGOS HIT,EQUIPOS PARA  ENVASADO JUGOS HIT,900055,TRANSPORTADOR DE BOTELLAS,28934,PLAN MTTO LUB TRANSPOR BOTELL L5 900055,13132664,"ZONA 2 LUBRICAR CON GRASA PIÑONES, CADEN",PM02,ABIE,2023-10-23 05:00:00,,Muy elevado/Urgente,,"0,5"
0011,GASCOL SUR,0011-LINEA 4,LINEA DE ENVASADO LATA,810006,LLENADORA  DE LATA,20452,OB.MTTO ANUAL,13118914,MTTO TUBO DE ENTRADA ARBOL CENTRAL,PM02,LIB.,2023-10-23 05:00:00,,Muy elevado/Urgente,,"4,0"
0011,GASCOL SUR,0011-LINEA 1,"LINEA DE ENVASADO 1.25 l, 1,5 l  Y  2 l",518625,LLENADORA H&K,41404,PLAN MTTO ELE LLENADORA 518625,13132775,"MTTO ELECTROVALVULAS DUCHAS DE AGUA, TOP",PM02,ABIE,2023-10-23 05:00:00,,,,"0,5"
0011,GASCOL SUR,0011-LINEA PET AGUA ALIGERADA,LINEA PET AGUA ALIGERADA,579082,PALETIZADORA,28878,PLAN MTTO MEC PALETIZADORA 579082,13140340,COMPROBAR LOS ACCIONAMIENTOS DE LOS EJES,PM02,ABIE,2023-10-23 05:00:00,,Muy elevado/Urgente,,"1,0"
0011,GASCOL SUR,0011-LINEA PET AGUA ALIGERADA,LINEA PET AGUA ALIGERADA,829875,TRANSPORTE DE PALETS,28881,PLAN MTTO MEC TRANSP DE PALETS 829875,13140341,MTTO MENSUAL.,PM02,ABIE,2023-10-23 05:00:00,,Muy elevado/Urgente,,"1,0"
0011,GASCOL SUR,0011-LINEA 4,LINEA DE ENVASADO LATA,810006,LLENADORA  DE LATA,20452,OB.MTTO ANUAL,13118914,MTTO COJINETE SOPORTE TORNILLO SIN FIN,PM02,LIB.,2023-10-23 05:00:00,,Muy elevado/Urgente,,"8,0"
0011,GASCOL SUR,0011-LINEA 4,LINEA DE ENVASADO LATA,8100061,ALMACEN DE TAPAS,20763,PLAN MTTO LUB ALMACEN DE TAPAS 8100061,13132534,LUBRICACION MENSUAL,PM02,ABIE,2023-10-23 05:00:00,,Muy elevado/Urgente,,"2,0"
0011,GASCOL SUR,0011-PLANTAS DE AGUAS,TRATAMIENTO DE AGUA PARA ENVASADO,90006201,GRUPO 6 BOMBAS DOSIFICADORAS,28924,PLAN MTTO GRUPO 6 BOMBAS DOSIF 90006201,13140353,MTTO BIMESTRAL,PM02,ABIE,2023-10-23 05:00:00,,Muy elevado/Urgente,,"1,0"
0011,GASCOL SUR,0011-PLANTAS DE AGUAS,TRATAMIENTO DE AGUA PARA ENVASADO,719665,CONJUNTO PORTA-ELECTRODOS,34949,PLAN MTTO CONJ PORTA-ELECTRODOS 719665,13140401,MTTO MENSUAL,PM02,ABIE,2023-10-23 05:00:00,,Muy elevado/Urgente,,"4,0"
0011,GASCOL SUR,0011-ENVASADO JUGOS HIT,EQUIPOS PARA  ENVASADO JUGOS HIT,900080,LLENADORA,42287,PLAN MTTO MEC LLENADORA L5 900080,13140417,MTTO TRANSMISION LLENADORA. AJUSTE GENER,PM02,ABIE,2023-10-23 05:00:00,,Muy elevado/Urgente,,"4,0"
0011,GASCOL SUR,0011-ENVASADO JUGOS HIT,EQUIPOS PARA  ENVASADO JUGOS HIT,710304,ENFARDADORA,15405,PLAN MTTO MEC ENFARDADORA L5 710304,13140226,"CAMBIO DE LA BANDA PLANA 1, BANDA PLANA",PM02,ABIE,2023-10-23 05:00:00,,Muy elevado/Urgente,,"8,0"
0011,GASCOL SUR,0011-LINEA 4,LINEA DE ENVASADO LATA,810006,LLENADORA  DE LATA,20452,OB.MTTO ANUAL,13118914,MTTO CARCASA ACCIONA TRANSMISION PRINCIP,PM02,LIB.,2023-10-23 05:00:00,,Muy elevado/Urgente,,"16,0"
0011,GASCOL SUR,0011-ENVASADO JUGOS HIT,EQUIPOS PARA  ENVASADO JUGOS HIT,710304,ENFARDADORA,15405,PLAN MTTO MEC ENFARDADORA L5 710304,13140226,CAMBIO CHUMACERAS TUNEL TERMOENCOGIDO,PM02,ABIE,2023-10-23 05:00:00,,Muy elevado/Urgente,,"8,0"
0011,GASCOL SUR,0011-ENVASADO JUGOS HIT,EQUIPOS PARA  ENVASADO JUGOS HIT,710304,ENFARDADORA,15405,PLAN MTTO MEC ENFARDADORA L5 710304,13140226,"MTTO ZONAS DE TRANSFERENCIA, AJUSTE DE C",PM02,ABIE,2023-10-23 05:00:00,,Muy elevado/Urgente,,"1,0"
0011,GASCOL SUR,0011-LINEA 4,LINEA DE ENVASADO LATA,810006,LLENADORA  DE LATA,20452,OB.MTTO ANUAL,13118914,MTTO FLOTADOR DE VENTILACION Y AIREACION,PM02,LIB.,2023-10-23 05:00:00,,Muy elevado/Urgente,,"2,0"
0011,GASCOL SUR,0011-SALA DE JARABES,EQUIPOS PARA  PREPARACION DE JARABE,709947,SKID DISOLUCION EN CALIENTE,38186,PLAN MTTO LUB SKID DISOLUCION 709947,13119307,LUBRICACION DE CHUMACERAS DEL SOPORTE DE,PM02,ABIE,2023-10-24 05:00:00,,,,"0,5"
0011,GASCOL SUR,0011-SALA DE JARABES,EQUIPOS PARA  PREPARACION DE JARABE,69963462,COCINA # 2,38182,"PLAN MTTO LUB COCINA #2, 69963462",13119305,LUBRICACION DE CHUMACERAS DEL SOPORTE DE,PM02,ABIE,2023-10-24 05:00:00,,,,"0,3"
0011,GASCOL SUR,0011-ENVASADO JUGOS HIT,EQUIPOS PARA  ENVASADO JUGOS HIT,90005502,TUNEL CALENTAMIENTO BOTELLAS HIT,28939,PLAN MTTO LUB TUNEL CALENT HIT 90005502,13119250,LUBRICACION GENERAL DEL TUNEL,PM02,LIB.,2023-10-24 05:00:00,,,,"1,0"
0011,GASCOL SUR,0011-ENVASADO JUGOS HIT,EQUIPOS PARA  ENVASADO JUGOS HIT,710307,DEPALETIZADORA,28838,PLAN MTTO LUB DEPALETIZADORA L5 710307,13132624,LUBRICAR UNIDAD MTTO SIST MOTRIZ,PM02,ABIE,2023-10-24 05:00:00,,Muy elevado/Urgente,,"1,0"
0011,GASCOL SUR,0011-LINEA 1,"LINEA DE ENVASADO 1.25 l, 1,5 l  Y  2 l",518625,LLENADORA H&K,41403,PLAN MTTO MEC LLENADORA 518625,13140412,MTTO DUCHAS DE LAVADO. ORIENTAR Y COMPRO,PM02,ABIE,2023-10-24 05:00:00,,Muy elevado/Urgente,,"0,5"
0011,GASCOL SUR,0011-LINEA 4,LINEA DE ENVASADO LATA,628875,COMPRESOR DE REFRIGERACION No. 1,20455,PLAN MTTO MEC COMPR 1 L4 REFRIGE 628875,13140236,COMPROBAR SISTEMA DE ALIMENTACION DE AGU,PM02,ABIE,2023-10-24 05:00:00,,Muy elevado/Urgente,,"0,3"
0011,GASCOL SUR,0011-SALA DE JARABES,EQUIPOS PARA  PREPARACION DE JARABE,69960615,COCINA # 1,20590,"PLAN MTTO LUB COCINA # 1, 69960615",13118992,LUBRICACION DE CHUMACERAS DEL SOPORTE DE,PM02,ABIE,2023-10-24 05:00:00,,Muy elevado/Urgente,,"0,3"
0011,GASCOL SUR,0011-SALA DE JARABES,EQUIPOS PARA  PREPARACION DE JARABE,69960617,COCINA # 3,20595,"PLAN MTTO LUB COCINA # 3, 69960617",13118997,LUBRICACION DE CHUMACERAS DEL SOPORTE DE,PM02,ABIE,2023-10-24 05:00:00,,Muy elevado/Urgente,,"0,3"
0011,GASCOL SUR,0011-SALA DE JARABES,EQUIPOS PARA  PREPARACION DE JARABE,69960621,TANQUE DE PREPARACION DE INGREDIENTES 2,20599,PLAN MTTO LUB TANQUE 69960621 PREPARACIO,13119014,LUBRICACION CHUMACERAS DEL SOPORTE DEL A,PM02,ABIE,2023-10-24 05:00:00,,Muy elevado/Urgente,,"0,3"
0011,GASCOL SUR,0011-LINEA PET AGUA ALIGERADA,LINEA PET AGUA ALIGERADA,579082,PALETIZADORA,28880,PLAN MTTO LUB PALETIZADORA 579082,13135068,INICIAR UNA SECUENCIA DE LUBRICACIÓN DEL,PM02,ABIE,2023-10-24 05:00:00,,Muy elevado/Urgente,,"1,0"
0011,GASCOL SUR,0011-EQUIPOS AUXILIARES,EQUIPOS PARA SERVICIOS INDUSTRIALES,650005,CALDERA DE 400 BHP,21010,PLAN MTTO MEC CALDERA 400 BHP 650005,13132558,REALIZAR LAS PURGAS DE FONDO Y COLUMNA,PM02,ABIE,2023-10-24 05:00:00,,Muy elevado/Urgente,,"0,5"
0011,GASCOL SUR,0011-EQUIPOS AUXILIARES,EQUIPOS PARA SERVICIOS INDUSTRIALES,650005,CALDERA DE 400 BHP,21010,PLAN MTTO MEC CALDERA 400 BHP 650005,13132558,MTTO VALVULAS DE SEGURIDAD,PM02,ABIE,2023-10-24 05:00:00,,Muy elevado/Urgente,,"0,5"
0011,GASCOL SUR,0011-LINEA 1,"LINEA DE ENVASADO 1.25 l, 1,5 l  Y  2 l",518625,LLENADORA H&K,41403,PLAN MTTO MEC LLENADORA 518625,13140412,MTTO MANEJO DE BOTELLAS. ESTRELLAS DE EN,PM02,ABIE,2023-10-24 05:00:00,,Muy elevado/Urgente,,"3,0"
0011,GASCOL SUR,0011-LINEA PET AGUA ALIGERADA,LINEA PET AGUA ALIGERADA,579082,PALETIZADORA,28880,PLAN MTTO LUB PALETIZADORA 579082,13135068,"LUBRICAR COJINETES, PIÑONES, CADENAS DE",PM02,ABIE,2023-10-24 05:00:00,,Muy elevado/Urgente,,"0,3"
0011,GASCOL SUR,0011-LINEA 4,LINEA DE ENVASADO LATA,810006,LLENADORA  DE LATA,8561,PLAN MTTO LUB LLENADORA LATA 810006,13132470,LUBRICACION TORNILLO SINFIN,PM02,ABIE,2023-10-24 05:00:00,,Muy elevado/Urgente,,"0,5"
0011,GASCOL SUR,0011-ENVASADO JUGOS HIT,EQUIPOS PARA  ENVASADO JUGOS HIT,599564,INSPECTOR ELECTRONICO,41407,PLAN MTTO ELE INSPEC ELECTRONICO 599564,13140415,MTTO LAMPARAS,PM02,ABIE,2023-10-24 05:00:00,,,,"1,0"
0011,GASCOL SUR,0011-LINEA 4,LINEA DE ENVASADO LATA,810006,LLENADORA  DE LATA,8561,PLAN MTTO LUB LLENADORA LATA 810006,13132470,LUBRICACION ARBOL CENTRAL LLENADORA,PM02,ABIE,2023-10-24 05:00:00,,Muy elevado/Urgente,,"0,5"
0011,GASCOL SUR,0011-LINEA 1,"LINEA DE ENVASADO 1.25 l, 1,5 l  Y  2 l",518625,LLENADORA H&K,41403,PLAN MTTO MEC LLENADORA 518625,13140412,MTTO PISTONES ELEVADORES. CORREGIR FUGAS,PM02,ABIE,2023-10-24 05:00:00,,Muy elevado/Urgente,,"1,0"
0011,GASCOL SUR,0011-ENVASADO JUGOS HIT,EQUIPOS PARA  ENVASADO JUGOS HIT,599564,INSPECTOR ELECTRONICO,41407,PLAN MTTO ELE INSPEC ELECTRONICO 599564,13140415,MTTO CAMARAS,PM02,ABIE,2023-10-24 05:00:00,,,,"1,0"
0011,GASCOL SUR,0011-SALA DE JARABES,EQUIPOS PARA  PREPARACION DE JARABE,69960612,TANQUE DE PREPARACION DE JARABES # 12,20580,"PLAN MTTO LUB TANQ PREP No 12, 69960612",13118973,LUBRICACION CHUMACERAS DEL SOPORTE DEL A,PM02,ABIE,2023-10-24 05:00:00,,Muy elevado/Urgente,,"0,3"
0011,GASCOL SUR,0011-LINEA 1,"LINEA DE ENVASADO 1.25 l, 1,5 l  Y  2 l",518625,LLENADORA H&K,41403,PLAN MTTO MEC LLENADORA 518625,13140412,MTTO DE AJUSTE TRANSMISION. COMPROBAR TO,PM02,ABIE,2023-10-24 05:00:00,,Muy elevado/Urgente,,"2,0"
0011,GASCOL SUR,0011-LINEA 1,"LINEA DE ENVASADO 1.25 l, 1,5 l  Y  2 l",518625,LLENADORA H&K,41403,PLAN MTTO MEC LLENADORA 518625,13140412,"CAMBIO GOMAS Y ROCIADORES, SEPARADORES D",PM02,ABIE,2023-10-24 05:00:00,,Muy elevado/Urgente,,"2,0"
0011,GASCOL SUR,0011-ENVASADO JUGOS HIT,EQUIPOS PARA  ENVASADO JUGOS HIT,599564,INSPECTOR ELECTRONICO,41407,PLAN MTTO ELE INSPEC ELECTRONICO 599564,13140415,MTTO CONEX MODULOS ELEVACION LAMPARA INS,PM02,ABIE,2023-10-24 05:00:00,,,,"0,5"
0011,GASCOL SUR,0011-ENVASADO JUGOS HIT,EQUIPOS PARA  ENVASADO JUGOS HIT,599564,INSPECTOR ELECTRONICO,41407,PLAN MTTO ELE INSPEC ELECTRONICO 599564,13140415,MTTO SITEMA DE RECHAZO,PM02,ABIE,2023-10-24 05:00:00,,,,"0,5"
0011,GASCOL SUR,0011-ENVASADO JUGOS HIT,EQUIPOS PARA  ENVASADO JUGOS HIT,599564,INSPECTOR ELECTRONICO,41407,PLAN MTTO ELE INSPEC ELECTRONICO 599564,13140415,MTTO TARJETAS DE FLACHEO,PM02,ABIE,2023-10-24 05:00:00,,,,"1,0"
0011,GASCOL SUR,0011-ENVASADO JUGOS HIT,EQUIPOS PARA  ENVASADO JUGOS HIT,599564,INSPECTOR ELECTRONICO,41407,PLAN MTTO ELE INSPEC ELECTRONICO 599564,13140415,"MTTO CONEXIONES TARJ MODULOS ALT VOLT, F",PM02,ABIE,2023-10-24 05:00:00,,,,"1,0"
0011,GASCOL SUR,0011-ENVASADO JUGOS HIT,EQUIPOS PARA  ENVASADO JUGOS HIT,599564,INSPECTOR ELECTRONICO,41407,PLAN MTTO ELE INSPEC ELECTRONICO 599564,13140415,MTTO SISTEMA REFRIGERACION TABLERO ELECT,PM02,ABIE,2023-10-24 05:00:00,,,,"1,0"
0011,GASCOL SUR,0011-ENVASADO JUGOS HIT,EQUIPOS PARA  ENVASADO JUGOS HIT,599564,INSPECTOR ELECTRONICO,41407,PLAN MTTO ELE INSPEC ELECTRONICO 599564,13140415,MTTO ESPEJOS Y CAMARAS,PM02,ABIE,2023-10-24 05:00:00,,,,"1,0"
0011,GASCOL SUR,0011-LINEA 4,LINEA DE ENVASADO LATA,810007,CERRADORA DE LATA,21005,PLAN MTTO ELE CERRADORA LATA 810007,13132554,MTTO SENSORES. SUMINISTRO DE TAPA,PM02,ABIE,2023-10-24 05:00:00,,Muy elevado/Urgente,,"0,8"
0011,GASCOL SUR,0011-SALA DE JARABES,EQUIPOS PARA  PREPARACION DE JARABE,69960619,TANQUE DE PREPARACION DE JARABES # 14,21997,"PLAN MTTO LUB TANQ PREP No 14, 69960619",13132604,LUBRICACIÓN CHUMACERAS DEL SOPORTE DEL A,PM02,ABIE,2023-10-24 05:00:00,,Muy elevado/Urgente,,"0,5"
0011,GASCOL SUR,0011-EQUIPOS AUXILIARES,EQUIPOS PARA SERVICIOS INDUSTRIALES,650005,CALDERA DE 400 BHP,21010,PLAN MTTO MEC CALDERA 400 BHP 650005,13132558,MTTO MENSUAL.,PM02,ABIE,2023-10-24 05:00:00,,Muy elevado/Urgente,,"2,0"
0011,GASCOL SUR,0011-EQUIPOS AUXILIARES,EQUIPOS PARA SERVICIOS INDUSTRIALES,650005,CALDERA DE 400 BHP,21010,PLAN MTTO MEC CALDERA 400 BHP 650005,13132558,MTTO TRIMESTRAL.,PM02,ABIE,2023-10-24 05:00:00,,Muy elevado/Urgente,,"2,0"
0011,GASCOL SUR,0011-LINEA 1,"LINEA DE ENVASADO 1.25 l, 1,5 l  Y  2 l",828996,PROCESADOR DE BEBIDA,9893,PLAN MTTO MEC PROCESADOR BEBIDA 828996,13140216,DRENAR ACEITE DE RED DE AMONÍACO EN LOS,PM02,ABIE,2023-10-24 05:00:00,,Muy elevado/Urgente,,"0,5"
0011,GASCOL SUR,0011-ENVASADO JUGOS HIT,EQUIPOS PARA  ENVASADO JUGOS HIT,599564,INSPECTOR ELECTRONICO,41407,PLAN MTTO ELE INSPEC ELECTRONICO 599564,13140415,"MTTO PULSADORES, PAROS EMERGENCIA, SELEC",PM02,ABIE,2023-10-24 05:00:00,,,,"1,0"
0011,GASCOL SUR,0011-ENVASADO JUGOS HIT,EQUIPOS PARA  ENVASADO JUGOS HIT,599564,INSPECTOR ELECTRONICO,41407,PLAN MTTO ELE INSPEC ELECTRONICO 599564,13140415,MTTO SENSORES,PM02,ABIE,2023-10-24 05:00:00,,,,"1,5"
0011,GASCOL SUR,0011-LINEA 4,LINEA DE ENVASADO LATA,829604,TRANSPORTADOR DE LATAS,5783,PLAN MTTO LUB TRANSPOR LATAS 829604,13132463,ZONA 1 LUBRICACION DE CHUMACERAS CON VAR,PM02,ABIE,2023-10-25 05:00:00,,Muy elevado/Urgente,,"0,3"
0011,GASCOL SUR,0011-LINEA 4,LINEA DE ENVASADO LATA,829604,TRANSPORTADOR DE LATAS,5783,PLAN MTTO LUB TRANSPOR LATAS 829604,13132463,ZONA 2 LUBRICAR CON GRASA PIÑONES Y CADE,PM02,ABIE,2023-10-25 05:00:00,,Muy elevado/Urgente,,"0,3"
0011,GASCOL SUR,0011-LINEA 4,LINEA DE ENVASADO LATA,829604,TRANSPORTADOR DE LATAS,5783,PLAN MTTO LUB TRANSPOR LATAS 829604,13132463,ZONA 2 LUBRICACION DE CHUMACERAS CON VAR,PM02,ABIE,2023-10-25 05:00:00,,Muy elevado/Urgente,,"0,3"
0011,GASCOL SUR,0011-LINEA 4,LINEA DE ENVASADO LATA,829604,TRANSPORTADOR DE LATAS,5783,PLAN MTTO LUB TRANSPOR LATAS 829604,13132463,ZONA 1 LUBRICAR CON GRASA PIÑONES Y CADE,PM02,ABIE,2023-10-25 05:00:00,,Muy elevado/Urgente,,"0,3"
0011,GASCOL SUR,0011-LINEA 4,LINEA DE ENVASADO LATA,829604,TRANSPORTADOR DE LATAS,5783,PLAN MTTO LUB TRANSPOR LATAS 829604,13132463,MTTO RED DE LUB TRANSPORTADORES LATA,PM02,ABIE,2023-10-25 05:00:00,,Muy elevado/Urgente,,"1,0"
0011,GASCOL SUR,0011-ENVASADO JUGOS HIT,EQUIPOS PARA  ENVASADO JUGOS HIT,599564,INSPECTOR ELECTRONICO,41408,PLAN MTTO LUB INSPEC ELECTRONICO 599564,13140416,COMPROBAR UNIDAD MTTO,PM02,ABIE,2023-10-25 05:00:00,,,,"1,0"
0011,GASCOL SUR,0011-LINEA 1,"LINEA DE ENVASADO 1.25 l, 1,5 l  Y  2 l",820030,TANDEM DE PALETIZADO,20432,PLAN MTTO ELE TANDEM DE PALET L3 820030,13105027,MTTO SENSORES,PM02,LIB.,2023-10-25 05:00:00,,Muy elevado/Urgente,,"2,0"
0011,GASCOL SUR,0011-LINEA 1,"LINEA DE ENVASADO 1.25 l, 1,5 l  Y  2 l",820030,TANDEM DE PALETIZADO,20432,PLAN MTTO ELE TANDEM DE PALET L3 820030,13105027,MTTO BORNERAS MOTORES ELECTRICOS,PM02,LIB.,2023-10-25 05:00:00,,Muy elevado/Urgente,,"50,0"
0011,GASCOL SUR,0011-LINEA 1,"LINEA DE ENVASADO 1.25 l, 1,5 l  Y  2 l",820030,TANDEM DE PALETIZADO,20432,PLAN MTTO ELE TANDEM DE PALET L3 820030,13105027,MTTO ELECTROVALVULAS PISTONES UÑAS,PM02,LIB.,2023-10-25 05:00:00,,Muy elevado/Urgente,,"2,0"
0011,GASCOL SUR,0011-ENVASADO JUGOS HIT,EQUIPOS PARA  ENVASADO JUGOS HIT,599564,INSPECTOR ELECTRONICO,41408,PLAN MTTO LUB INSPEC ELECTRONICO 599564,13140416,LUBRICACION SEMANAL.,PM02,ABIE,2023-10-25 05:00:00,,,,"1,0"
0011,GASCOL SUR,0011-LINEA 4,LINEA DE ENVASADO LATA,829604,TRANSPORTADOR DE LATAS,5783,PLAN MTTO LUB TRANSPOR LATAS 829604,13132463,LUBRIC RODAJAS TRANSPORT LATAS AEREO,PM02,ABIE,2023-10-25 05:00:00,,Muy elevado/Urgente,,"2,0"
0011,GASCOL SUR,0011-LINEA 1,"LINEA DE ENVASADO 1.25 l, 1,5 l  Y  2 l",820030,TANDEM DE PALETIZADO,20432,PLAN MTTO ELE TANDEM DE PALET L3 820030,13105027,MTTO MICROSWITCHS.,PM02,LIB.,2023-10-25 05:00:00,,Muy elevado/Urgente,,"2,0"
0011,GASCOL SUR,0011-LINEA 1,"LINEA DE ENVASADO 1.25 l, 1,5 l  Y  2 l",820030,TANDEM DE PALETIZADO,20432,PLAN MTTO ELE TANDEM DE PALET L3 820030,13105027,MTTO FOTOCELDAS,PM02,LIB.,2023-10-25 05:00:00,,Muy elevado/Urgente,,"2,0"
0011,GASCOL SUR,0011-LINEA DISPENSADORES,LINEA ENVASADO BAG IN BOX,71031003,CODIFICADOR DE TRANSFERENCIA TERMICA,21991,PLAN MTTO CODIFIC BOLSA BIB 71031003,13135043,MTTO FOTOCELDA DE PRESENCIA,PM02,LIB.,2023-10-26 05:00:00,,Muy elevado/Urgente,,"0,5"
0011,GASCOL SUR,0011-LINEA 4,LINEA DE ENVASADO LATA,810004,ENFARDADORA,46585,PLAN MTTO PREDIC ENFARDADORA,13105311,MEDICION AMPERAJES Y AISLAMIENTOS,PM07,LIB.,2023-10-26 05:00:00,,,,"0,5"
0011,GASCOL SUR,0011-LINEA 4,LINEA DE ENVASADO LATA,810003,CALENTADOR DE LATAS,46584,PLAN MTTO PREDIC CALENTADOR DE LATAS,13105310,ANALISIS DE LA CALIDAD DE ACEITE,PM07,ABIE,2023-10-26 05:00:00,,Muy elevado/Urgente,,"0,5"
0011,GASCOL SUR,0011-LINEA 4,LINEA DE ENVASADO LATA,810003,CALENTADOR DE LATAS,46584,PLAN MTTO PREDIC CALENTADOR DE LATAS,13105310,TERMOGRAFÍA TAB. POTENCIA Y CONTROL,PM07,ABIE,2023-10-26 05:00:00,,Muy elevado/Urgente,,"0,5"
0011,GASCOL SUR,0011-LINEA 4,LINEA DE ENVASADO LATA,810004,ENFARDADORA,46585,PLAN MTTO PREDIC ENFARDADORA,13105311,MTTO FUGAS DE AIRE ULTRASONIDO,PM07,LIB.,2023-10-26 05:00:00,,,,"0,5"
0011,GASCOL SUR,0011-LINEA 4,LINEA DE ENVASADO LATA,528834,CARBO COOLER,46583,PLAN MTTO P REDICT CARBO COOLER,13105309,MTTO FUGAS DE AIRE ULTRASONIDO,PM07,ABIE,2023-10-26 05:00:00,,Muy elevado/Urgente,,"0,5"
0011,GASCOL SUR,0011-LINEA 4,LINEA DE ENVASADO LATA,528834,CARBO COOLER,46583,PLAN MTTO P REDICT CARBO COOLER,13105309,MEDICION AMPERAJES Y AISLAMIENTOS,PM07,ABIE,2023-10-26 05:00:00,,Muy elevado/Urgente,,"0,5"
0011,GASCOL SUR,0011-LINEA 4,LINEA DE ENVASADO LATA,810007,CERRADORA DE LATA,46587,PLAN MTTO PREDIC CERRADORA DE LATA,13105313,MEDICION AMPERAJES Y AISLAMIENTOS,PM07,ABIE,2023-10-26 05:00:00,,Muy elevado/Urgente,,"0,5"
0011,GASCOL SUR,0011-LINEA 4,LINEA DE ENVASADO LATA,8100062,ENJUAGADORA DE LATAS - RINSER,46588,PLAN MTTO PREDIC ENJUAGADORA LATAS,13105314,MTTO FUGAS DE AIRE ULTRASONIDO,PM07,ABIE,2023-10-26 05:00:00,,,,"0,5"
0011,GASCOL SUR,0011-LINEA 4,LINEA DE ENVASADO LATA,810006,LLENADORA  DE LATA,46586,PLAN MTTO PREDIC LLENADORA  DE LATA,13105312,MTTO FUGAS DE AIRE ULTRASONIDO,PM07,ABIE,2023-10-26 05:00:00,,Muy elevado/Urgente,,"0,5"
0011,GASCOL SUR,0011-LINEA 4,LINEA DE ENVASADO LATA,528834,CARBO COOLER,4932,PLAN MTTO ELE CARBO COOLER L4 528834,13092663,MTTO TABLERO DE CONTROL Y FUERZA,PM02,ABIE,2023-10-26 05:00:00,,Muy elevado/Urgente,,"1,0"
0011,GASCOL SUR,0011-LINEA 4,LINEA DE ENVASADO LATA,810006,LLENADORA  DE LATA,46586,PLAN MTTO PREDIC LLENADORA  DE LATA,13105312,TERMOGRAFÍA TAB. POTENCIA Y CONTROL,PM07,ABIE,2023-10-26 05:00:00,,Muy elevado/Urgente,,"0,5"
0011,GASCOL SUR,0011-LINEA 4,LINEA DE ENVASADO LATA,528834,CARBO COOLER,46583,PLAN MTTO P REDICT CARBO COOLER,13105309,TERMOGRAFÍA TAB. POTENCIA Y CONTROL,PM07,ABIE,2023-10-26 05:00:00,,Muy elevado/Urgente,,"0,5"
0011,GASCOL SUR,0011-LINEA 4,LINEA DE ENVASADO LATA,810006,LLENADORA  DE LATA,46586,PLAN MTTO PREDIC LLENADORA  DE LATA,13105312,MEDICION AMPERAJES Y AISLAMIENTOS,PM07,ABIE,2023-10-26 05:00:00,,Muy elevado/Urgente,,"0,5"
0011,GASCOL SUR,0011-LINEA 4,LINEA DE ENVASADO LATA,810004,ENFARDADORA,46585,PLAN MTTO PREDIC ENFARDADORA,13105311,ANALISIS DE LA CALIDAD DE ACEITE,PM07,LIB.,2023-10-26 05:00:00,,,,"0,5"
0011,GASCOL SUR,0011-LINEA 4,LINEA DE ENVASADO LATA,810006,LLENADORA  DE LATA,46586,PLAN MTTO PREDIC LLENADORA  DE LATA,13105312,ANALISIS DE LA CALIDAD DE ACEITE,PM07,ABIE,2023-10-26 05:00:00,,Muy elevado/Urgente,,"0,5"
0011,GASCOL SUR,0011-LINEA 4,LINEA DE ENVASADO LATA,528834,CARBO COOLER,4932,PLAN MTTO ELE CARBO COOLER L4 528834,13092663,"MTTO DE LOS ELECTRODOS, CONTROLADORES DE",PM02,ABIE,2023-10-26 05:00:00,,Muy elevado/Urgente,,"1,0"
0011,GASCOL SUR,0011-LINEA 4,LINEA DE ENVASADO LATA,528834,CARBO COOLER,4932,PLAN MTTO ELE CARBO COOLER L4 528834,13092663,MTTO ELECTROVALVULAS. PROPORCIONADOR CAR,PM02,ABIE,2023-10-26 05:00:00,,Muy elevado/Urgente,,"1,0"
0011,GASCOL SUR,0011-EQUIPOS AUXILIARES,EQUIPOS PARA SERVICIOS INDUSTRIALES,900064,TORRE DE ENFRIAMIENTO JUGOS,20944,PLAN MTTO MEC TORRE 900064 DE ENFRIAMIEN,13111823,MTTO BOMBAS CENTRIFUGAS.,PM02,ABIE,2023-10-26 05:00:00,,Muy elevado/Urgente,,"4,0"
0011,GASCOL SUR,0011-LINEA 4,LINEA DE ENVASADO LATA,810003,CALENTADOR DE LATAS,46584,PLAN MTTO PREDIC CALENTADOR DE LATAS,13105310,MEDICION AMPERAJES Y AISLAMIENTOS,PM07,ABIE,2023-10-26 05:00:00,,Muy elevado/Urgente,,"0,5"
0011,GASCOL SUR,0011-LINEA 4,LINEA DE ENVASADO LATA,528834,CARBO COOLER,4932,PLAN MTTO ELE CARBO COOLER L4 528834,13092663,MTTO BORNERAS MOTORES.,PM02,ABIE,2023-10-26 05:00:00,,Muy elevado/Urgente,,"3,0"
0011,GASCOL SUR,0011-LINEA 4,LINEA DE ENVASADO LATA,810003,CALENTADOR DE LATAS,46584,PLAN MTTO PREDIC CALENTADOR DE LATAS,13105310,MTTO FUGAS DE AIRE ULTRASONIDO,PM07,ABIE,2023-10-26 05:00:00,,Muy elevado/Urgente,,"0,5"
0011,GASCOL SUR,0011-LINEA 4,LINEA DE ENVASADO LATA,528834,CARBO COOLER,4932,PLAN MTTO ELE CARBO COOLER L4 528834,13092663,MTTO VALVULA SOLENOIDES VALV REGULAD PRE,PM02,ABIE,2023-10-26 05:00:00,,Muy elevado/Urgente,,"1,0"
0011,GASCOL SUR,0011-LINEA 4,LINEA DE ENVASADO LATA,528834,CARBO COOLER,4932,PLAN MTTO ELE CARBO COOLER L4 528834,13092663,MTTO SENSORES DE LOS FLOTADORES DE ALTO,PM02,ABIE,2023-10-26 05:00:00,,Muy elevado/Urgente,,"0,5"
0011,GASCOL SUR,0011-LINEA 4,LINEA DE ENVASADO LATA,810004,ENFARDADORA,46585,PLAN MTTO PREDIC ENFARDADORA,13105311,TERMOGRAFÍA TAB. POTENCIA Y CONTROL,PM07,LIB.,2023-10-26 05:00:00,,,,"0,5"
0011,GASCOL SUR,0011-LINEA 1,"LINEA DE ENVASADO 1.25 l, 1,5 l  Y  2 l",518625,LLENADORA H&K,41405,PLAN MTTO LUB LLENADORA 518625,13140413,LUBRICACIÓN MENSUAL,PM02,ABIE,2023-10-27 05:00:00,,,,"0,5"
0011,GASCOL SUR,0011-ENVASADO JUGOS HIT,EQUIPOS PARA  ENVASADO JUGOS HIT,710306,ENJUAGADORA,29002,PLAN MTTO ELE ENJUAGADORA 710306,13132677,MTTO FOTOCELDAS,PM02,ABIE,2023-10-27 05:00:00,,Muy elevado/Urgente,,"1,0"
0011,GASCOL SUR,0011-ENVASADO JUGOS HIT,EQUIPOS PARA  ENVASADO JUGOS HIT,710309,CAPSULADORA WHITE CUP,15397,PLAN MTTO MEC WHITE CAP 710309,13140222,CAMBIO ROD RODAJAS TRAPEZOIDALES,PM02,ABIE,2023-10-27 05:00:00,,Muy elevado/Urgente,,"3,0"
0011,GASCOL SUR,0011-ENVASADO JUGOS HIT,EQUIPOS PARA  ENVASADO JUGOS HIT,710306,ENJUAGADORA,29002,PLAN MTTO ELE ENJUAGADORA 710306,13132677,"MTTO  SELECTORES, PULSADORES, BORNAS FUS",PM02,ABIE,2023-10-27 05:00:00,,Muy elevado/Urgente,,"1,0"
0011,GASCOL SUR,0011-ENVASADO JUGOS HIT,EQUIPOS PARA  ENVASADO JUGOS HIT,710306,ENJUAGADORA,29002,PLAN MTTO ELE ENJUAGADORA 710306,13132677,MTTO PANEL DE CONTROL,PM02,ABIE,2023-10-27 05:00:00,,Muy elevado/Urgente,,"1,0"
0011,GASCOL SUR,0011-LINEA 1,"LINEA DE ENVASADO 1.25 l, 1,5 l  Y  2 l",518625,LLENADORA H&K,41405,PLAN MTTO LUB LLENADORA 518625,13140413,LUBRICACIÓN SEMANAL,PM02,ABIE,2023-10-27 05:00:00,,,,"0,5"
0011,GASCOL SUR,0011-ENVASADO JUGOS HIT,EQUIPOS PARA  ENVASADO JUGOS HIT,710309,CAPSULADORA WHITE CUP,15397,PLAN MTTO MEC WHITE CAP 710309,13140222,CAMBIO DE RESORTES Y FLEJES,PM02,ABIE,2023-10-27 05:00:00,,Muy elevado/Urgente,,"16,0"
0011,GASCOL SUR,0011-ENVASADO JUGOS HIT,EQUIPOS PARA  ENVASADO JUGOS HIT,710309,CAPSULADORA WHITE CUP,15397,PLAN MTTO MEC WHITE CAP 710309,13140222,MTTO NEUMATICO,PM02,ABIE,2023-10-27 05:00:00,,Muy elevado/Urgente,,"8,0"
0011,GASCOL SUR,0011-ENVASADO JUGOS HIT,EQUIPOS PARA  ENVASADO JUGOS HIT,710309,CAPSULADORA WHITE CUP,15397,PLAN MTTO MEC WHITE CAP 710309,13140222,MTTO CAJAS SISTEMA DE ELEVACION,PM02,ABIE,2023-10-27 05:00:00,,Muy elevado/Urgente,,"12,0"
0011,GASCOL SUR,0011-ENVASADO JUGOS HIT,EQUIPOS PARA  ENVASADO JUGOS HIT,821000,ETIQUETADORA ERGOMODUL 1800-30,0,FL MANTENIMIENTO ETIQUETADORA ERGOMODUL,13141102,CAMBIO RETEN AS 55x72x12 NBR 0,PM02,LIB.,2023-10-27 05:00:00,,,,"1,0"
0011,GASCOL SUR,0011-LINEA 1,"LINEA DE ENVASADO 1.25 l, 1,5 l  Y  2 l",518625,LLENADORA H&K,41405,PLAN MTTO LUB LLENADORA 518625,13140413,LUBRICACIÓN QUINCENAL,PM02,ABIE,2023-10-27 05:00:00,,,,"0,5"
0011,GASCOL SUR,0011-ENVASADO JUGOS HIT,EQUIPOS PARA  ENVASADO JUGOS HIT,710309,CAPSULADORA WHITE CUP,15397,PLAN MTTO MEC WHITE CAP 710309,13140222,APRIETE GENERAL,PM02,ABIE,2023-10-27 05:00:00,,Muy elevado/Urgente,,"3,0"
0011,GASCOL SUR,0011-ENVASADO JUGOS HIT,EQUIPOS PARA  ENVASADO JUGOS HIT,821000,ETIQUETADORA ERGOMODUL 1800-30,0,FL MANTENIMIENTO ETIQUETADORA ERGOMODUL,13141102,FL MANTENIMIENTO ETIQUETADORA ERGOMODUL,PM02,LIB.,2023-10-27 05:00:00,,,,"1,0"
0011,GASCOL SUR,0011-EQUIPOS AUXILIARES,EQUIPOS PARA SERVICIOS INDUSTRIALES,649579,COMPRESOR DE AIRE ATLAS COPCO,21084,PLAN MTTO MEC COMPRES AIRE ATLAS 649579,13111836,PROGRAMAR SERV TECNICO ANUAL MTTO EQUIPO,PM02,ABIE,2023-10-27 05:00:00,,Muy elevado/Urgente,,"8,0"
0011,GASCOL SUR,0011-ENVASADO JUGOS HIT,EQUIPOS PARA  ENVASADO JUGOS HIT,710309,CAPSULADORA WHITE CUP,15397,PLAN MTTO MEC WHITE CAP 710309,13140222,CAMBIO CORREA PRINCIPAL,PM02,ABIE,2023-10-27 05:00:00,,Muy elevado/Urgente,,"4,0"
0011,GASCOL SUR,0011-ENVASADO JUGOS HIT,EQUIPOS PARA  ENVASADO JUGOS HIT,710309,CAPSULADORA WHITE CUP,15397,PLAN MTTO MEC WHITE CAP 710309,13140222,MTTO ZAPATA DE SELLADO,PM02,ABIE,2023-10-27 05:00:00,,Muy elevado/Urgente,,"8,0"
0011,GASCOL SUR,0011-LINEA 1,"LINEA DE ENVASADO 1.25 l, 1,5 l  Y  2 l",828902,COMPRESOR DE REFRIGERACION No. 3,0,CAMBIO DE BOBINA PARA ACCIONAMIENTO DE V,13124816,CAMBIO DE BOBINA PARA ACCIONAMIENTO DE V,PM01,LIB.,2023-10-28 05:00:00,,,,"0,0"
0011,GASCOL SUR,0011-TRAT  AGUA LAVADORAS,TRATAMIENTO DE AGUA PARA LAVADORAS,70003501,FLOCULADOR,0,CAMBIO DE CONTROL DE NIVEL CONTROL BOMBA,13124843,CAMBIO DE CONTROL DE NIVEL CONTROL BOMBA,PM01,LIB.,2023-10-28 05:00:00,,,,"0,0"
0011,GASCOL SUR,0011-LINEA PET AGUA ALIGERADA,LINEA PET AGUA ALIGERADA,599606,INSPECTOR ELECTRONICO ENVASE,28856,PLAN MTTO LUB INSP ELEC 599606,13132631,LUBRICACION DEL SISTEMA TRANSMISION,PM02,ABIE,2023-10-28 05:00:00,,Muy elevado/Urgente,,"0,3"
0011,GASCOL SUR,0011-LINEA 4,LINEA DE ENVASADO LATA,819101,DEPALETIZADORA LATA,7177,PLAN MTTO LUB DEPALETIZADORA L4 819101,13132468,"LUBRICAR COJINETES, PIÑONES, CADENAS DE",PM02,ABIE,2023-10-28 05:00:00,,Muy elevado/Urgente,,"0,3"
0011,GASCOL SUR,0011-LINEA 4,LINEA DE ENVASADO LATA,819101,DEPALETIZADORA LATA,20454,PLAN MTTO ELE DEPALETIZADORA LATA 819101,13132496,MTTO A FOTOCELDAS.,PM02,ABIE,2023-10-28 05:00:00,,Muy elevado/Urgente,,"1,0"
0011,GASCOL SUR,0011-ENVASADO JUGOS HIT,EQUIPOS PARA  ENVASADO JUGOS HIT,710304,ENFARDADORA,28986,PLAN MTTO ELE ENFARDADORA L5 710304,13132672,MTTO TERMOCUPLAS TUNEL,PM02,ABIE,2023-10-28 05:00:00,,Muy elevado/Urgente,,"1,0"
0011,GASCOL SUR,0011-LINEA PET AGUA ALIGERADA,LINEA PET AGUA ALIGERADA,829874,TRANSPORTE DE PAQUETES,28895,PLAN MTTO LUB TRANSP DE PAQUETES 829874,13132649,LUBRICAR CHUMACERAS TRANSPORTADOR PAQUET,PM02,ABIE,2023-10-28 05:00:00,,Muy elevado/Urgente,,"1,0"
0011,GASCOL SUR,0011-LINEA PET AGUA ALIGERADA,LINEA PET AGUA ALIGERADA,829872,LUBRICACION DE TRANSPORTADORES,28903,PLAN MTTO ELE LUBRIC TRASPORTAD 829872,13105193,MTTO CONEXIONES ELECTRICAS,PM02,LIB.,2023-10-28 05:00:00,,Muy elevado/Urgente,,"1,0"
0011,GASCOL SUR,0011-LINEA PET AGUA ALIGERADA,LINEA PET AGUA ALIGERADA,719616,OZONIZADOR EN LINEA,28892,PLAN MTTO ELE OZONIZADOR LINEA 719616,13105187,MTTO CONJUNTO TOMA MUESTRA AGUA OZONIZAD,PM02,ABIE,2023-10-28 05:00:00,,Muy elevado/Urgente,,"1,0"
0011,GASCOL SUR,0011-ENVASADO JUGOS HIT,EQUIPOS PARA  ENVASADO JUGOS HIT,710304,ENFARDADORA,28986,PLAN MTTO ELE ENFARDADORA L5 710304,13132672,"MTTO MICROS; RESIST UNION POLIEETILENO,",PM02,ABIE,2023-10-28 05:00:00,,Muy elevado/Urgente,,"0,5"
0011,GASCOL SUR,0011-ENVASADO JUGOS HIT,EQUIPOS PARA  ENVASADO JUGOS HIT,710304,ENFARDADORA,28986,PLAN MTTO ELE ENFARDADORA L5 710304,13132672,MTTO CONTROL TEMPERATURA,PM02,ABIE,2023-10-28 05:00:00,,Muy elevado/Urgente,,"1,0"
0011,GASCOL SUR,0011-ENVASADO JUGOS HIT,EQUIPOS PARA  ENVASADO JUGOS HIT,710304,ENFARDADORA,28986,PLAN MTTO ELE ENFARDADORA L5 710304,13132672,MTTO SELECTORES Y PILOTOS,PM02,ABIE,2023-10-28 05:00:00,,Muy elevado/Urgente,,"1,0"
0011,GASCOL SUR,0011-PREPARACION JUGOS HIT,EQUIPOS PARA PREPARACION JUGOS HIT,50813102,HIDROLAVADORA KARCHER JUGOS HIT,29125,PLAN MTTO ELE HIDROLAV KARCHER 50813102,13105227,P.AISLAMIENTO MOTOR Y CAJA CONTROL,PM02,ABIE,2023-10-28 05:00:00,,Muy elevado/Urgente,,"0,5"
0011,GASCOL SUR,0011-LINEA 1,"LINEA DE ENVASADO 1.25 l, 1,5 l  Y  2 l",820030,TANDEM DE PALETIZADO,20433,PLAN MTTO LUB TANDEM PALETIZAD L3 820030,13140232,LUBRICACIÓN TRIMESTRAL,PM02,ABIE,2023-10-28 05:00:00,,Muy elevado/Urgente,,"0,5"
0011,GASCOL SUR,0011-LINEA PET AGUA ALIGERADA,LINEA PET AGUA ALIGERADA,829873,TRANSPORTE DE ENVASES,28837,PLAN MTTO LUB TRANSP ENVASE LINEA 7,13132623,LUBRICAR CHUMACERAS CON VARIPLEX SPECIAL,PM02,ABIE,2023-10-28 05:00:00,,Muy elevado/Urgente,,"0,5"
0011,GASCOL SUR,0011-LINEA PET AGUA ALIGERADA,LINEA PET AGUA ALIGERADA,579081,ENVOLVEDORA FILM PLASTICO,28853,PLAN MTTO ELE ENVOLV FILM PLASTIC 579081,13140334,LUBRICACION CADENAS DE ELEVACION,PM02,ABIE,2023-10-28 05:00:00,,Muy elevado/Urgente,,"0,2"
0011,GASCOL SUR,0011-LINEA PET AGUA ALIGERADA,LINEA PET AGUA ALIGERADA,589662,CODIFICADOR LASER DE ENVASE,28901,PLAN MTTO ELE CODIFICADOR LASER 589662,13140348,COMPROBAR SUCIEDAD EN LA LENTE FOCALIZAD,PM02,ABIE,2023-10-28 05:00:00,,Muy elevado/Urgente,,"1,0"
0011,GASCOL SUR,0011-EQUIPOS AUXILIARES,EQUIPOS PARA SERVICIOS INDUSTRIALES,660013,TORRE DE ENFRIAMIENTO No. 2,20873,PLAN MTTO MEC TORRE ENFRIA 2 660013,13140273,"MTTO Y LIMPIEZA DE PÁNELES, MALLA PORTAD",PM02,ABIE,2023-10-28 05:00:00,,Muy elevado/Urgente,,"0,5"
0011,GASCOL SUR,0011-LINEA PET AGUA ALIGERADA,LINEA PET AGUA ALIGERADA,589662,CODIFICADOR LASER DE ENVASE,28901,PLAN MTTO ELE CODIFICADOR LASER 589662,13140348,"LIMPIEZA DE TARJETAS, CONEXIONES ELECTRI",PM02,ABIE,2023-10-28 05:00:00,,Muy elevado/Urgente,,"1,0"
0011,GASCOL SUR,0011-PREPARACION JUGOS HIT,EQUIPOS PARA PREPARACION JUGOS HIT,698430,FILTRO PRENSA,29126,PLAN MTTO LUB FILTRO PRENSA L5 698430,13105228,ASEGURAR LUBRICACION BOMBA RECIRCULACI,PM02,ABIE,2023-10-28 05:00:00,,Muy elevado/Urgente,,"0,5"
0011,GASCOL SUR,0011-PREPARACION JUGOS HIT,EQUIPOS PARA PREPARACION JUGOS HIT,698430,FILTRO PRENSA,29126,PLAN MTTO LUB FILTRO PRENSA L5 698430,13105228,NIVEL ACEITE AGITADOR TANQUE,PM02,ABIE,2023-10-28 05:00:00,,Muy elevado/Urgente,,"0,5"
0011,GASCOL SUR,0011-EQUIPOS AUXILIARES,EQUIPOS PARA SERVICIOS INDUSTRIALES,660013,TORRE DE ENFRIAMIENTO No. 2,20873,PLAN MTTO MEC TORRE ENFRIA 2 660013,13140273,MTTO TRIMESTRAL,PM02,ABIE,2023-10-28 05:00:00,,Muy elevado/Urgente,,"0,5"
0011,GASCOL SUR,0011-LINEA 1,"LINEA DE ENVASADO 1.25 l, 1,5 l  Y  2 l",820030,TANDEM DE PALETIZADO,20433,PLAN MTTO LUB TANDEM PALETIZAD L3 820030,13140232,LUBRICACION MENSUAL,PM02,ABIE,2023-10-28 05:00:00,,Muy elevado/Urgente,,"0,5"
0011,GASCOL SUR,0011-LINEA PET AGUA ALIGERADA,LINEA PET AGUA ALIGERADA,719616,OZONIZADOR EN LINEA,28892,PLAN MTTO ELE OZONIZADOR LINEA 719616,13105187,MTTO CONEXIONES ELECTRICAS,PM02,ABIE,2023-10-28 05:00:00,,Muy elevado/Urgente,,"1,0"
,,,,,,,,,,,,,,,,
,,,,,,,,,,,,,,,,
,,,,,,,,,,,,,,,,
,,,,,,,,,,,,,,,,
,,,,,,,,,,,,,,,,
,,,,,,,,,,,,,,,,
,,,,,,,,,,,,,,,,
,,,,,,,,,,,,,,,,
,,,,,,,,,,,,,,,,
,,,,,,,,,,,,,,,,
,,,,,,,,,,,,,,,,
,,,,,,,,,,,,,,,,
,,,,,,,,,,,,,,,,
,,,,,,,,,,,,,,,,
,,,,,,,,,,,,,,,,
,,,,,,,,,,,,,,,,
,,,,,,,,,,,,,,,,
,,,,,,,,,,,,,,,,
,,,,,,,,,,,,,,,,
,,,,,,,,,,,,,,,,
,,,,,,,,,,,,,,,,
,,,,,,,,,,,,,,,,
,,,,,,,,,,,,,,,,
,,,,,,,,,,,,,,,,
,,,,,,,,,,,,,,,,
,,,,,,,,,,,,,,,,
,,,,,,,,,,,,,,,,
,,,,,,,,,,,,,,,,
,,,,,,,,,,,,,,,,
,,,,,,,,,,,,,,,,
,,,,,,,,,,,,,,,,
,,,,,,,,,,,,,,,,
,,,,,,,,,,,,,,,,
,,,,,,,,,,,,,,,,
,,,,,,,,,,,,,,,,
,,,,,,,,,,,,,,,,
,,,,,,,,,,,,,,,,
,,,,,,,,,,,,,,,,
,,,,,,,,,,,,,,,,
,,,,,,,,,,,,,,,,
,,,,,,,,,,,,,,,,
,,,,,,,,,,,,,,,,
,,,,,,,,,,,,,,,,
,,,,,,,,,,,,,,,,
,,,,,,,,,,,,,,,,
,,,,,,,,,,,,,,,,
,,,,,,,,,,,,,,,,
,,,,,,,,,,,,,,,,
,,,,,,,,,,,,,,,,
,,,,,,,,,,,,,,,,
,,,,,,,,,,,,,,,,
,,,,,,,,,,,,,,,,
,,,,,,,,,,,,,,,,
,,,,,,,,,,,,,,,,
,,,,,,,,,,,,,,,,
,,,,,,,,,,,,,,,,
,,,,,,,,,,,,,,,,
,,,,,,,,,,,,,,,,
,,,,,,,,,,,,,,,,
,,,,,,,,,,,,,,,,
,,,,,,,,,,,,,,,,
,,,,,,,,,,,,,,,,
,,,,,,,,,,,,,,,,
,,,,,,,,,,,,,,,,
,,,,,,,,,,,,,,,,
,,,,,,,,,,,,,,,,
,,,,,,,,,,,,,,,,
,,,,,,,,,,,,,,,,
,,,,,,,,,,,,,,,,
,,,,,,,,,,,,,,,,
,,,,,,,,,,,,,,,,
,,,,,,,,,,,,,,,,
,,,,,,,,,,,,,,,,
,,,,,,,,,,,,,,,,
,,,,,,,,,,,,,,,,
,,,,,,,,,,,,,,,,
,,,,,,,,,,,,,,,,
,,,,,,,,,,,,,,,,
,,,,,,,,,,,,,,,,
,,,,,,,,,,,,,,,,
,,,,,,,,,,,,,,,,
,,,,,,,,,,,,,,,,
,,,,,,,,,,,,,,,,
,,,,,,,,,,,,,,,,
,,,,,,,,,,,,,,,,
,,,,,,,,,,,,,,,,
,,,,,,,,,,,,,,,,
,,,,,,,,,,,,,,,,
,,,,,,,,,,,,,,,,
,,,,,,,,,,,,,,,,
,,,,,,,,,,,,,,,,
,,,,,,,,,,,,,,,,
,,,,,,,,,,,,,,,,
,,,,,,,,,,,,,,,,
,,,,,,,,,,,,,,,,
,,,,,,,,,,,,,,,,
,,,,,,,,,,,,,,,,
,,,,,,,,,,,,,,,,
,,,,,,,,,,,,,,,,
,,,,,,,,,,,,,,,,
,,,,,,,,,,,,,,,,
,,,,,,,,,,,,,,,,
,,,,,,,,,,,,,,,,
,,,,,,,,,,,,,,,,
,,,,,,,,,,,,,,,,
,,,,,,,,,,,,,,,,
,,,,,,,,,,,,,,,,
,,,,,,,,,,,,,,,,
,,,,,,,,,,,,,,,,
,,,,,,,,,,,,,,,,
,,,,,,,,,,,,,,,,
,,,,,,,,,,,,,,,,
,,,,,,,,,,,,,,,,
,,,,,,,,,,,,,,,,
,,,,,,,,,,,,,,,,
,,,,,,,,,,,,,,,,
,,,,,,,,,,,,,,,,
,,,,,,,,,,,,,,,,
,,,,,,,,,,,,,,,,
,,,,,,,,,,,,,,,,
,,,,,,,,,,,,,,,,
,,,,,,,,,,,,,,,,
,,,,,,,,,,,,,,,,
,,,,,,,,,,,,,,,,
,,,,,,,,,,,,,,,,
,,,,,,,,,,,,,,,,
,,,,,,,,,,,,,,,,
,,,,,,,,,,,,,,,,
,,,,,,,,,,,,,,,,
,,,,,,,,,,,,,,,,
,,,,,,,,,,,,,,,,
,,,,,,,,,,,,,,,,
,,,,,,,,,,,,,,,,
,,,,,,,,,,,,,,,,
,,,,,,,,,,,,,,,,
,,,,,,,,,,,,,,,,
,,,,,,,,,,,,,,,,
,,,,,,,,,,,,,,,,
,,,,,,,,,,,,,,,,
,,,,,,,,,,,,,,,,
,,,,,,,,,,,,,,,,
,,,,,,,,,,,,,,,,
,,,,,,,,,,,,,,,,
,,,,,,,,,,,,,,,,
,,,,,,,,,,,,,,,,
,,,,,,,,,,,,,,,,
,,,,,,,,,,,,,,,,
,,,,,,,,,,,,,,,,
,,,,,,,,,,,,,,,,
,,,,,,,,,,,,,,,,
,,,,,,,,,,,,,,,,
,,,,,,,,,,,,,,,,
,,,,,,,,,,,,,,,,
,,,,,,,,,,,,,,,,
,,,,,,,,,,,,,,,,
,,,,,,,,,,,,,,,,
,,,,,,,,,,,,,,,,
,,,,,,,,,,,,,,,,
,,,,,,,,,,,,,,,,
,,,,,,,,,,,,,,,,
,,,,,,,,,,,,,,,,
,,,,,,,,,,,,,,,,
,,,,,,,,,,,,,,,,
,,,,,,,,,,,,,,,,
,,,,,,,,,,,,,,,,
,,,,,,,,,,,,,,,,
,,,,,,,,,,,,,,,,
,,,,,,,,,,,,,,,,
,,,,,,,,,,,,,,,,
,,,,,,,,,,,,,,,,
,,,,,,,,,,,,,,,,
,,,,,,,,,,,,,,,,
,,,,,,,,,,,,,,,,
,,,,,,,,,,,,,,,,
,,,,,,,,,,,,,,,,
,,,,,,,,,,,,,,,,
,,,,,,,,,,,,,,,,
,,,,,,,,,,,,,,,,
,,,,,,,,,,,,,,,,
,,,,,,,,,,,,,,,,
,,,,,,,,,,,,,,,,
,,,,,,,,,,,,,,,,
,,,,,,,,,,,,,,,,
,,,,,,,,,,,,,,,,
,,,,,,,,,,,,,,,,
,,,,,,,,,,,,,,,,
,,,,,,,,,,,,,,,,
,,,,,,,,,,,,,,,,
,,,,,,,,,,,,,,,,
,,,,,,,,,,,,,,,,
,,,,,,,,,,,,,,,,
,,,,,,,,,,,,,,,,
,,,,,,,,,,,,,,,,
,,,,,,,,,,,,,,,,
,,,,,,,,,,,,,,,,
,,,,,,,,,,,,,,,,
,,,,,,,,,,,,,,,,
,,,,,,,,,,,,,,,,
,,,,,,,,,,,,,,,,
,,,,,,,,,,,,,,,,
,,,,,,,,,,,,,,,,
,,,,,,,,,,,,,,,,
,,,,,,,,,,,,,,,,
,,,,,,,,,,,,,,,,
,,,,,,,,,,,,,,,,
,,,,,,,,,,,,,,,,
,,,,,,,,,,,,,,,,
,,,,,,,,,,,,,,,,
,,,,,,,,,,,,,,,,
,,,,,,,,,,,,,,,,
,,,,,,,,,,,,,,,,
,,,,,,,,,,,,,,,,
,,,,,,,,,,,,,,,,
,,,,,,,,,,,,,,,,
,,,,,,,,,,,,,,,,
,,,,,,,,,,,,,,,,
,,,,,,,,,,,,,,,,
,,,,,,,,,,,,,,,,
,,,,,,,,,,,,,,,,
,,,,,,,,,,,,,,,,
,,,,,,,,,,,,,,,,
,,,,,,,,,,,,,,,,
,,,,,,,,,,,,,,,,
,,,,,,,,,,,,,,,,
,,,,,,,,,,,,,,,,
,,,,,,,,,,,,,,,,
,,,,,,,,,,,,,,,,
,,,,,,,,,,,,,,,,
,,,,,,,,,,,,,,,,
,,,,,,,,,,,,,,,,
,,,,,,,,,,,,,,,,
,,,,,,,,,,,,,,,,
,,,,,,,,,,,,,,,,
,,,,,,,,,,,,,,,,
,,,,,,,,,,,,,,,,
,,,,,,,,,,,,,,,,
,,,,,,,,,,,,,,,,
,,,,,,,,,,,,,,,,
,,,,,,,,,,,,,,,,
,,,,,,,,,,,,,,,,
,,,,,,,,,,,,,,,,
,,,,,,,,,,,,,,,,
,,,,,,,,,,,,,,,,
,,,,,,,,,,,,,,,,
,,,,,,,,,,,,,,,,
,,,,,,,,,,,,,,,,
,,,,,,,,,,,,,,,,
,,,,,,,,,,,,,,,,
,,,,,,,,,,,,,,,,
,,,,,,,,,,,,,,,,
,,,,,,,,,,,,,,,,
,,,,,,,,,,,,,,,,
,,,,,,,,,,,,,,,,
,,,,,,,,,,,,,,,,
,,,,,,,,,,,,,,,,
,,,,,,,,,,,,,,,,
,,,,,,,,,,,,,,,,
,,,,,,,,,,,,,,,,
,,,,,,,,,,,,,,,,
,,,,,,,,,,,,,,,,
,,,,,,,,,,,,,,,,
,,,,,,,,,,,,,,,,
,,,,,,,,,,,,,,,,
,,,,,,,,,,,,,,,,
,,,,,,,,,,,,,,,,
,,,,,,,,,,,,,,,,
,,,,,,,,,,,,,,,,
,,,,,,,,,,,,,,,,
,,,,,,,,,,,,,,,,
,,,,,,,,,,,,,,,,
,,,,,,,,,,,,,,,,
,,,,,,,,,,,,,,,,
,,,,,,,,,,,,,,,,
,,,,,,,,,,,,,,,,
,,,,,,,,,,,,,,,,
,,,,,,,,,,,,,,,,
,,,,,,,,,,,,,,,,
,,,,,,,,,,,,,,,,
,,,,,,,,,,,,,,,,
,,,,,,,,,,,,,,,,
,,,,,,,,,,,,,,,,
,,,,,,,,,,,,,,,,
,,,,,,,,,,,,,,,,
,,,,,,,,,,,,,,,,
,,,,,,,,,,,,,,,,
,,,,,,,,,,,,,,,,
,,,,,,,,,,,,,,,,
,,,,,,,,,,,,,,,,
,,,,,,,,,,,,,,,,
,,,,,,,,,,,,,,,,
,,,,,,,,,,,,,,,,
,,,,,,,,,,,,,,,,
,,,,,,,,,,,,,,,,
,,,,,,,,,,,,,,,,
,,,,,,,,,,,,,,,,
,,,,,,,,,,,,,,,,
,,,,,,,,,,,,,,,,
,,,,,,,,,,,,,,,,
,,,,,,,,,,,,,,,,
,,,,,,,,,,,,,,,,
,,,,,,,,,,,,,,,,
,,,,,,,,,,,,,,,,
,,,,,,,,,,,,,,,,
,,,,,,,,,,,,,,,,
,,,,,,,,,,,,,,,,
,,,,,,,,,,,,,,,,
,,,,,,,,,,,,,,,,
,,,,,,,,,,,,,,,,
,,,,,,,,,,,,,,,,
,,,,,,,,,,,,,,,,
,,,,,,,,,,,,,,,,
,,,,,,,,,,,,,,,,
,,,,,,,,,,,,,,,,
,,,,,,,,,,,,,,,,
,,,,,,,,,,,,,,,,
,,,,,,,,,,,,,,,,
,,,,,,,,,,,,,,,,
,,,,,,,,,,,,,,,,
,,,,,,,,,,,,,,,,
,,,,,,,,,,,,,,,,
,,,,,,,,,,,,,,,,
,,,,,,,,,,,,,,,,
,,,,,,,,,,,,,,,,
,,,,,,,,,,,,,,,,
,,,,,,,,,,,,,,,,
,,,,,,,,,,,,,,,,
,,,,,,,,,,,,,,,,
,,,,,,,,,,,,,,,,
,,,,,,,,,,,,,,,,
,,,,,,,,,,,,,,,,
,,,,,,,,,,,,,,,,
,,,,,,,,,,,,,,,,
,,,,,,,,,,,,,,,,
,,,,,,,,,,,,,,,,
,,,,,,,,,,,,,,,,
,,,,,,,,,,,,,,,,
,,,,,,,,,,,,,,,,
,,,,,,,,,,,,,,,,
,,,,,,,,,,,,,,,,
,,,,,,,,,,,,,,,,
,,,,,,,,,,,,,,,,
,,,,,,,,,,,,,,,,
,,,,,,,,,,,,,,,,
,,,,,,,,,,,,,,,,
,,,,,,,,,,,,,,,,
,,,,,,,,,,,,,,,,
,,,,,,,,,,,,,,,,
,,,,,,,,,,,,,,,,
,,,,,,,,,,,,,,,,
,,,,,,,,,,,,,,,,
,,,,,,,,,,,,,,,,
,,,,,,,,,,,,,,,,
,,,,,,,,,,,,,,,,
,,,,,,,,,,,,,,,,
,,,,,,,,,,,,,,,,
,,,,,,,,,,,,,,,,
,,,,,,,,,,,,,,,,
,,,,,,,,,,,,,,,,
,,,,,,,,,,,,,,,,
,,,,,,,,,,,,,,,,
,,,,,,,,,,,,,,,,
,,,,,,,,,,,,,,,,
,,,,,,,,,,,,,,,,
,,,,,,,,,,,,,,,,
,,,,,,,,,,,,,,,,
,,,,,,,,,,,,,,,,
,,,,,,,,,,,,,,,,
,,,,,,,,,,,,,,,,
,,,,,,,,,,,,,,,,
,,,,,,,,,,,,,,,,
,,,,,,,,,,,,,,,,
,,,,,,,,,,,,,,,,
,,,,,,,,,,,,,,,,
,,,,,,,,,,,,,,,,
,,,,,,,,,,,,,,,,
,,,,,,,,,,,,,,,,
,,,,,,,,,,,,,,,,
,,,,,,,,,,,,,,,,
,,,,,,,,,,,,,,,,
,,,,,,,,,,,,,,,,
,,,,,,,,,,,,,,,,
,,,,,,,,,,,,,,,,
,,,,,,,,,,,,,,,,
,,,,,,,,,,,,,,,,
,,,,,,,,,,,,,,,,
,,,,,,,,,,,,,,,,
,,,,,,,,,,,,,,,,
,,,,,,,,,,,,,,,,
,,,,,,,,,,,,,,,,
,,,,,,,,,,,,,,,,
,,,,,,,,,,,,,,,,
,,,,,,,,,,,,,,,,
,,,,,,,,,,,,,,,,
,,,,,,,,,,,,,,,,
,,,,,,,,,,,,,,,,
,,,,,,,,,,,,,,,,
,,,,,,,,,,,,,,,,
,,,,,,,,,,,,,,,,
,,,,,,,,,,,,,,,,
,,,,,,,,,,,,,,,,
,,,,,,,,,,,,,,,,
,,,,,,,,,,,,,,,,
,,,,,,,,,,,,,,,,
,,,,,,,,,,,,,,,,
,,,,,,,,,,,,,,,,
,,,,,,,,,,,,,,,,
,,,,,,,,,,,,,,,,
,,,,,,,,,,,,,,,,
,,,,,,,,,,,,,,,,
,,,,,,,,,,,,,,,,
,,,,,,,,,,,,,,,,
,,,,,,,,,,,,,,,,
,,,,,,,,,,,,,,,,
,,,,,,,,,,,,,,,,
,,,,,,,,,,,,,,,,
,,,,,,,,,,,,,,,,
,,,,,,,,,,,,,,,,
,,,,,,,,,,,,,,,,
,,,,,,,,,,,,,,,,
,,,,,,,,,,,,,,,,
,,,,,,,,,,,,,,,,
,,,,,,,,,,,,,,,,
,,,,,,,,,,,,,,,,
,,,,,,,,,,,,,,,,
,,,,,,,,,,,,,,,,
,,,,,,,,,,,,,,,,
,,,,,,,,,,,,,,,,
,,,,,,,,,,,,,,,,
,,,,,,,,,,,,,,,,
,,,,,,,,,,,,,,,,
,,,,,,,,,,,,,,,,
,,,,,,,,,,,,,,,,
,,,,,,,,,,,,,,,,
,,,,,,,,,,,,,,,,
,,,,,,,,,,,,,,,,
,,,,,,,,,,,,,,,,
,,,,,,,,,,,,,,,,
,,,,,,,,,,,,,,,,
,,,,,,,,,,,,,,,,
,,,,,,,,,,,,,,,,
,,,,,,,,,,,,,,,,
,,,,,,,,,,,,,,,,
,,,,,,,,,,,,,,,,
,,,,,,,,,,,,,,,,
,,,,,,,,,,,,,,,,
,,,,,,,,,,,,,,,,
,,,,,,,,,,,,,,,,
,,,,,,,,,,,,,,,,
,,,,,,,,,,,,,,,,
,,,,,,,,,,,,,,,,
,,,,,,,,,,,,,,,,
,,,,,,,,,,,,,,,,
,,,,,,,,,,,,,,,,
,,,,,,,,,,,,,,,,
,,,,,,,,,,,,,,,,
,,,,,,,,,,,,,,,,
,,,,,,,,,,,,,,,,
,,,,,,,,,,,,,,,,
,,,,,,,,,,,,,,,,
,,,,,,,,,,,,,,,,
,,,,,,,,,,,,,,,,
,,,,,,,,,,,,,,,,
,,,,,,,,,,,,,,,,
,,,,,,,,,,,,,,,,
,,,,,,,,,,,,,,,,
,,,,,,,,,,,,,,,,
,,,,,,,,,,,,,,,,
,,,,,,,,,,,,,,,,
,,,,,,,,,,,,,,,,
,,,,,,,,,,,,,,,,
,,,,,,,,,,,,,,,,
,,,,,,,,,,,,,,,,
,,,,,,,,,,,,,,,,
,,,,,,,,,,,,,,,,
,,,,,,,,,,,,,,,,
,,,,,,,,,,,,,,,,
,,,,,,,,,,,,,,,,
,,,,,,,,,,,,,,,,
,,,,,,,,,,,,,,,,
,,,,,,,,,,,,,,,,
,,,,,,,,,,,,,,,,
,,,,,,,,,,,,,,,,
,,,,,,,,,,,,,,,,
,,,,,,,,,,,,,,,,
,,,,,,,,,,,,,,,,
,,,,,,,,,,,,,,,,
,,,,,,,,,,,,,,,,
,,,,,,,,,,,,,,,,
,,,,,,,,,,,,,,,,
,,,,,,,,,,,,,,,,
,,,,,,,,,,,,,,,,
,,,,,,,,,,,,,,,,
,,,,,,,,,,,,,,,,
,,,,,,,,,,,,,,,,
,,,,,,,,,,,,,,,,
,,,,,,,,,,,,,,,,
,,,,,,,,,,,,,,,,
,,,,,,,,,,,,,,,,
,,,,,,,,,,,,,,,,
,,,,,,,,,,,,,,,,
,,,,,,,,,,,,,,,,
,,,,,,,,,,,,,,,,
,,,,,,,,,,,,,,,,
,,,,,,,,,,,,,,,,
,,,,,,,,,,,,,,,,
,,,,,,,,,,,,,,,,
,,,,,,,,,,,,,,,,
,,,,,,,,,,,,,,,,
,,,,,,,,,,,,,,,,
,,,,,,,,,,,,,,,,
,,,,,,,,,,,,,,,,
,,,,,,,,,,,,,,,,
,,,,,,,,,,,,,,,,
,,,,,,,,,,,,,,,,
,,,,,,,,,,,,,,,,
,,,,,,,,,,,,,,,,
,,,,,,,,,,,,,,,,
,,,,,,,,,,,,,,,,
,,,,,,,,,,,,,,,,
,,,,,,,,,,,,,,,,
,,,,,,,,,,,,,,,,
,,,,,,,,,,,,,,,,
,,,,,,,,,,,,,,,,
,,,,,,,,,,,,,,,,
,,,,,,,,,,,,,,,,
,,,,,,,,,,,,,,,,
,,,,,,,,,,,,,,,,
,,,,,,,,,,,,,,,,
,,,,,,,,,,,,,,,,
,,,,,,,,,,,,,,,,
,,,,,,,,,,,,,,,,
,,,,,,,,,,,,,,,,
,,,,,,,,,,,,,,,,
,,,,,,,,,,,,,,,,
,,,,,,,,,,,,,,,,
,,,,,,,,,,,,,,,,
,,,,,,,,,,,,,,,,
,,,,,,,,,,,,,,,,
,,,,,,,,,,,,,,,,
,,,,,,,,,,,,,,,,
,,,,,,,,,,,,,,,,
,,,,,,,,,,,,,,,,
,,,,,,,,,,,,,,,,
,,,,,,,,,,,,,,,,
,,,,,,,,,,,,,,,,
,,,,,,,,,,,,,,,,
,,,,,,,,,,,,,,,,
,,,,,,,,,,,,,,,,
,,,,,,,,,,,,,,,,
,,,,,,,,,,,,,,,,
,,,,,,,,,,,,,,,,
,,,,,,,,,,,,,,,,
,,,,,,,,,,,,,,,,
,,,,,,,,,,,,,,,,
,,,,,,,,,,,,,,,,
,,,,,,,,,,,,,,,,
,,,,,,,,,,,,,,,,
,,,,,,,,,,,,,,,,
,,,,,,,,,,,,,,,,
,,,,,,,,,,,,,,,,
,,,,,,,,,,,,,,,,
,,,,,,,,,,,,,,,,
,,,,,,,,,,,,,,,,
,,,,,,,,,,,,,,,,
,,,,,,,,,,,,,,,,
,,,,,,,,,,,,,,,,
,,,,,,,,,,,,,,,,
,,,,,,,,,,,,,,,,
,,,,,,,,,,,,,,,,
,,,,,,,,,,,,,,,,
,,,,,,,,,,,,,,,,
,,,,,,,,,,,,,,,,
,,,,,,,,,,,,,,,,
,,,,,,,,,,,,,,,,
,,,,,,,,,,,,,,,,
,,,,,,,,,,,,,,,,
,,,,,,,,,,,,,,,,
,,,,,,,,,,,,,,,,
,,,,,,,,,,,,,,,,
,,,,,,,,,,,,,,,,
,,,,,,,,,,,,,,,,
,,,,,,,,,,,,,,,,
,,,,,,,,,,,,,,,,
,,,,,,,,,,,,,,,,
,,,,,,,,,,,,,,,,
,,,,,,,,,,,,,,,,
,,,,,,,,,,,,,,,,
,,,,,,,,,,,,,,,,
,,,,,,,,,,,,,,,,
,,,,,,,,,,,,,,,,
,,,,,,,,,,,,,,,,
,,,,,,,,,,,,,,,,
,,,,,,,,,,,,,,,,
,,,,,,,,,,,,,,,,
,,,,,,,,,,,,,,,,
,,,,,,,,,,,,,,,,
,,,,,,,,,,,,,,,,
,,,,,,,,,,,,,,,,
,,,,,,,,,,,,,,,,
,,,,,,,,,,,,,,,,
,,,,,,,,,,,,,,,,
,,,,,,,,,,,,,,,,
,,,,,,,,,,,,,,,,
,,,,,,,,,,,,,,,,
,,,,,,,,,,,,,,,,
,,,,,,,,,,,,,,,,
,,,,,,,,,,,,,,,,
,,,,,,,,,,,,,,,,
,,,,,,,,,,,,,,,,
,,,,,,,,,,,,,,,,
,,,,,,,,,,,,,,,,
,,,,,,,,,,,,,,,,
,,,,,,,,,,,,,,,,
,,,,,,,,,,,,,,,,
,,,,,,,,,,,,,,,,
,,,,,,,,,,,,,,,,
,,,,,,,,,,,,,,,,
,,,,,,,,,,,,,,,,
,,,,,,,,,,,,,,,,
,,,,,,,,,,,,,,,,
,,,,,,,,,,,,,,,,
,,,,,,,,,,,,,,,,
,,,,,,,,,,,,,,,,
,,,,,,,,,,,,,,,,
,,,,,,,,,,,,,,,,
,,,,,,,,,,,,,,,,
,,,,,,,,,,,,,,,,
,,,,,,,,,,,,,,,,
,,,,,,,,,,,,,,,,
,,,,,,,,,,,,,,,,
,,,,,,,,,,,,,,,,
,,,,,,,,,,,,,,,,
,,,,,,,,,,,,,,,,
,,,,,,,,,,,,,,,,
,,,,,,,,,,,,,,,,
,,,,,,,,,,,,,,,,
,,,,,,,,,,,,,,,,
,,,,,,,,,,,,,,,,
,,,,,,,,,,,,,,,,
,,,,,,,,,,,,,,,,
,,,,,,,,,,,,,,,,
,,,,,,,,,,,,,,,,
,,,,,,,,,,,,,,,,
,,,,,,,,,,,,,,,,
,,,,,,,,,,,,,,,,
,,,,,,,,,,,,,,,,
,,,,,,,,,,,,,,,,
,,,,,,,,,,,,,,,,
,,,,,,,,,,,,,,,,
,,,,,,,,,,,,,,,,
,,,,,,,,,,,,,,,,
,,,,,,,,,,,,,,,,
,,,,,,,,,,,,,,,,
,,,,,,,,,,,,,,,,
,,,,,,,,,,,,,,,,
,,,,,,,,,,,,,,,,
,,,,,,,,,,,,,,,,
,,,,,,,,,,,,,,,,
,,,,,,,,,,,,,,,,
,,,,,,,,,,,,,,,,
,,,,,,,,,,,,,,,,
,,,,,,,,,,,,,,,,
,,,,,,,,,,,,,,,,
,,,,,,,,,,,,,,,,
,,,,,,,,,,,,,,,,
,,,,,,,,,,,,,,,,
,,,,,,,,,,,,,,,,
,,,,,,,,,,,,,,,,
,,,,,,,,,,,,,,,,
,,,,,,,,,,,,,,,,
,,,,,,,,,,,,,,,,
,,,,,,,,,,,,,,,,
,,,,,,,,,,,,,,,,
,,,,,,,,,,,,,,,,
,,,,,,,,,,,,,,,,
,,,,,,,,,,,,,,,,
,,,,,,,,,,,,,,,,
,,,,,,,,,,,,,,,,
,,,,,,,,,,,,,,,,
,,,,,,,,,,,,,,,,
,,,,,,,,,,,,,,,,
,,,,,,,,,,,,,,,,
,,,,,,,,,,,,,,,,
,,,,,,,,,,,,,,,,
,,,,,,,,,,,,,,,,
,,,,,,,,,,,,,,,,
,,,,,,,,,,,,,,,,
,,,,,,,,,,,,,,,,
,,,,,,,,,,,,,,,,
,,,,,,,,,,,,,,,,
,,,,,,,,,,,,,,,,
,,,,,,,,,,,,,,,,
,,,,,,,,,,,,,,,,
,,,,,,,,,,,,,,,,
,,,,,,,,,,,,,,,,
,,,,,,,,,,,,,,,,
,,,,,,,,,,,,,,,,
,,,,,,,,,,,,,,,,
,,,,,,,,,,,,,,,,
,,,,,,,,,,,,,,,,
,,,,,,,,,,,,,,,,
,,,,,,,,,,,,,,,,
,,,,,,,,,,,,,,,,
,,,,,,,,,,,,,,,,
,,,,,,,,,,,,,,,,
,,,,,,,,,,,,,,,,
,,,,,,,,,,,,,,,,
,,,,,,,,,,,,,,,,
,,,,,,,,,,,,,,,,
,,,,,,,,,,,,,,,,
,,,,,,,,,,,,,,,,
,,,,,,,,,,,,,,,,
,,,,,,,,,,,,,,,,
,,,,,,,,,,,,,,,,
,,,,,,,,,,,,,,,,
,,,,,,,,,,,,,,,,
,,,,,,,,,,,,,,,,
,,,,,,,,,,,,,,,,
,,,,,,,,,,,,,,,,
,,,,,,,,,,,,,,,,
,,,,,,,,,,,,,,,,
,,,,,,,,,,,,,,,,
,,,,,,,,,,,,,,,,
,,,,,,,,,,,,,,,,
,,,,,,,,,,,,,,,,
,,,,,,,,,,,,,,,,
,,,,,,,,,,,,,,,,
,,,,,,,,,,,,,,,,
,,,,,,,,,,,,,,,,
,,,,,,,,,,,,,,,,
,,,,,,,,,,,,,,,,
,,,,,,,,,,,,,,,,
,,,,,,,,,,,,,,,,
,,,,,,,,,,,,,,,,
,,,,,,,,,,,,,,,,
,,,,,,,,,,,,,,,,
,,,,,,,,,,,,,,,,
,,,,,,,,,,,,,,,,
,,,,,,,,,,,,,,,,
,,,,,,,,,,,,,,,,
,,,,,,,,,,,,,,,,
,,,,,,,,,,,,,,,,
,,,,,,,,,,,,,,,,
,,,,,,,,,,,,,,,,
,,,,,,,,,,,,,,,,
,,,,,,,,,,,,,,,,
,,,,,,,,,,,,,,,,
,,,,,,,,,,,,,,,,
,,,,,,,,,,,,,,,,
,,,,,,,,,,,,,,,,
,,,,,,,,,,,,,,,,
,,,,,,,,,,,,,,,,
,,,,,,,,,,,,,,,,
,,,,,,,,,,,,,,,,
,,,,,,,,,,,,,,,,
,,,,,,,,,,,,,,,,
,,,,,,,,,,,,,,,,
,,,,,,,,,,,,,,,,
,,,,,,,,,,,,,,,,
,,,,,,,,,,,,,,,,
,,,,,,,,,,,,,,,,
,,,,,,,,,,,,,,,,
,,,,,,,,,,,,,,,,
,,,,,,,,,,,,,,,,
,,,,,,,,,,,,,,,,
,,,,,,,,,,,,,,,,
,,,,,,,,,,,,,,,,
,,,,,,,,,,,,,,,,
,,,,,,,,,,,,,,,,
,,,,,,,,,,,,,,,,
,,,,,,,,,,,,,,,,
,,,,,,,,,,,,,,,,
,,,,,,,,,,,,,,,,
,,,,,,,,,,,,,,,,
,,,,,,,,,,,,,,,,
,,,,,,,,,,,,,,,,
,,,,,,,,,,,,,,,,
,,,,,,,,,,,,,,,,
,,,,,,,,,,,,,,,,
,,,,,,,,,,,,,,,,
,,,,,,,,,,,,,,,,
,,,,,,,,,,,,,,,,
,,,,,,,,,,,,,,,,
,,,,,,,,,,,,,,,,
,,,,,,,,,,,,,,,,
,,,,,,,,,,,,,,,,
,,,,,,,,,,,,,,,,
,,,,,,,,,,,,,,,,
,,,,,,,,,,,,,,,,
,,,,,,,,,,,,,,,,
,,,,,,,,,,,,,,,,
,,,,,,,,,,,,,,,,
,,,,,,,,,,,,,,,,
,,,,,,,,,,,,,,,,
,,,,,,,,,,,,,,,,
,,,,,,,,,,,,,,,,
,,,,,,,,,,,,,,,,
,,,,,,,,,,,,,,,,
,,,,,,,,,,,,,,,,
,,,,,,,,,,,,,,,,
,,,,,,,,,,,,,,,,
,,,,,,,,,,,,,,,,
,,,,,,,,,,,,,,,,
,,,,,,,,,,,,,,,,
,,,,,,,,,,,,,,,,
,,,,,,,,,,,,,,,,
,,,,,,,,,,,,,,,,
,,,,,,,,,,,,,,,,
,,,,,,,,,,,,,,,,
,,,,,,,,,,,,,,,,
,,,,,,,,,,,,,,,,
,,,,,,,,,,,,,,,,
,,,,,,,,,,,,,,,,
,,,,,,,,,,,,,,,,
,,,,,,,,,,,,,,,,
,,,,,,,,,,,,,,,,
,,,,,,,,,,,,,,,,
,,,,,,,,,,,,,,,,
,,,,,,,,,,,,,,,,
,,,,,,,,,,,,,,,,
,,,,,,,,,,,,,,,,
,,,,,,,,,,,,,,,,
,,,,,,,,,,,,,,,,
,,,,,,,,,,,,,,,,
,,,,,,,,,,,,,,,,
,,,,,,,,,,,,,,,,
,,,,,,,,,,,,,,,,
,,,,,,,,,,,,,,,,
,,,,,,,,,,,,,,,,
,,,,,,,,,,,,,,,,
,,,,,,,,,,,,,,,,
,,,,,,,,,,,,,,,,
,,,,,,,,,,,,,,,,
,,,,,,,,,,,,,,,,
,,,,,,,,,,,,,,,,
,,,,,,,,,,,,,,,,
,,,,,,,,,,,,,,,,
,,,,,,,,,,,,,,,,
,,,,,,,,,,,,,,,,
,,,,,,,,,,,,,,,,
,,,,,,,,,,,,,,,,
,,,,,,,,,,,,,,,,
,,,,,,,,,,,,,,,,
,,,,,,,,,,,,,,,,
,,,,,,,,,,,,,,,,
,,,,,,,,,,,,,,,,
,,,,,,,,,,,,,,,,
,,,,,,,,,,,,,,,,
,,,,,,,,,,,,,,,,
,,,,,,,,,,,,,,,,
,,,,,,,,,,,,,,,,
,,,,,,,,,,,,,,,,
,,,,,,,,,,,,,,,,
,,,,,,,,,,,,,,,,
,,,,,,,,,,,,,,,,
,,,,,,,,,,,,,,,,
,,,,,,,,,,,,,,,,
,,,,,,,,,,,,,,,,
,,,,,,,,,,,,,,,,
,,,,,,,,,,,,,,,,
,,,,,,,,,,,,,,,,
,,,,,,,,,,,,,,,,
,,,,,,,,,,,,,,,,
,,,,,,,,,,,,,,,,
,,,,,,,,,,,,,,,,
,,,,,,,,,,,,,,,,
,,,,,,,,,,,,,,,,
,,,,,,,,,,,,,,,,
,,,,,,,,,,,,,,,,
,,,,,,,,,,,,,,,,
,,,,,,,,,,,,,,,,
,,,,,,,,,,,,,,,,
,,,,,,,,,,,,,,,,
,,,,,,,,,,,,,,,,
,,,,,,,,,,,,,,,,
,,,,,,,,,,,,,,,,
,,,,,,,,,,,,,,,,
,,,,,,,,,,,,,,,,
,,,,,,,,,,,,,,,,
,,,,,,,,,,,,,,,,
,,,,,,,,,,,,,,,,
,,,,,,,,,,,,,,,,
,,,,,,,,,,,,,,,,
,,,,,,,,,,,,,,,,
,,,,,,,,,,,,,,,,
,,,,,,,,,,,,,,,,
,,,,,,,,,,,,,,,,
,,,,,,,,,,,,,,,,
,,,,,,,,,,,,,,,,
,,,,,,,,,,,,,,,,
,,,,,,,,,,,,,,,,
,,,,,,,,,,,,,,,,
,,,,,,,,,,,,,,,,
,,,,,,,,,,,,,,,,
,,,,,,,,,,,,,,,,
,,,,,,,,,,,,,,,,
,,,,,,,,,,,,,,,,
,,,,,,,,,,,,,,,,
,,,,,,,,,,,,,,,,
,,,,,,,,,,,,,,,,
,,,,,,,,,,,,,,,,
,,,,,,,,,,,,,,,,
,,,,,,,,,,,,,,,,
,,,,,,,,,,,,,,,,
,,,,,,,,,,,,,,,,
,,,,,,,,,,,,,,,,
,,,,,,,,,,,,,,,,
,,,,,,,,,,,,,,,,
,,,,,,,,,,,,,,,,
,,,,,,,,,,,,,,,,
,,,,,,,,,,,,,,,,
,,,,,,,,,,,,,,,,
,,,,,,,,,,,,,,,,
,,,,,,,,,,,,,,,,
,,,,,,,,,,,,,,,,
,,,,,,,,,,,,,,,,
,,,,,,,,,,,,,,,,
,,,,,,,,,,,,,,,,
,,,,,,,,,,,,,,,,
,,,,,,,,,,,,,,,,
,,,,,,,,,,,,,,,,
,,,,,,,,,,,,,,,,
,,,,,,,,,,,,,,,,
,,,,,,,,,,,,,,,,
,,,,,,,,,,,,,,,,
,,,,,,,,,,,,,,,,
,,,,,,,,,,,,,,,,
,,,,,,,,,,,,,,,,
,,,,,,,,,,,,,,,,
,,,,,,,,,,,,,,,,
,,,,,,,,,,,,,,,,
,,,,,,,,,,,,,,,,
,,,,,,,,,,,,,,,,
,,,,,,,,,,,,,,,,
,,,,,,,,,,,,,,,,
,,,,,,,,,,,,,,,,
,,,,,,,,,,,,,,,,
,,,,,,,,,,,,,,,,
,,,,,,,,,,,,,,,,
,,,,,,,,,,,,,,,,
,,,,,,,,,,,,,,,,
,,,,,,,,,,,,,,,,
,,,,,,,,,,,,,,,,
,,,,,,,,,,,,,,,,
,,,,,,,,,,,,,,,,
,,,,,,,,,,,,,,,,
,,,,,,,,,,,,,,,,
,,,,,,,,,,,,,,,,
,,,,,,,,,,,,,,,,
,,,,,,,,,,,,,,,,
,,,,,,,,,,,,,,,,
,,,,,,,,,,,,,,,,
,,,,,,,,,,,,,,,,
,,,,,,,,,,,,,,,,
,,,,,,,,,,,,,,,,
,,,,,,,,,,,,,,,,
,,,,,,,,,,,,,,,,
,,,,,,,,,,,,,,,,
,,,,,,,,,,,,,,,,
,,,,,,,,,,,,,,,,
,,,,,,,,,,,,,,,,
,,,,,,,,,,,,,,,,
,,,,,,,,,,,,,,,,
,,,,,,,,,,,,,,,,
,,,,,,,,,,,,,,,,
,,,,,,,,,,,,,,,,
,,,,,,,,,,,,,,,,
,,,,,,,,,,,,,,,,
,,,,,,,,,,,,,,,,
,,,,,,,,,,,,,,,,
,,,,,,,,,,,,,,,,
,,,,,,,,,,,,,,,,
,,,,,,,,,,,,,,,,
,,,,,,,,,,,,,,,,
,,,,,,,,,,,,,,,,
,,,,,,,,,,,,,,,,
,,,,,,,,,,,,,,,,
,,,,,,,,,,,,,,,,
,,,,,,,,,,,,,,,,
,,,,,,,,,,,,,,,,
,,,,,,,,,,,,,,,,
,,,,,,,,,,,,,,,,
,,,,,,,,,,,,,,,,
,,,,,,,,,,,,,,,,
,,,,,,,,,,,,,,,,
,,,,,,,,,,,,,,,,
,,,,,,,,,,,,,,,,
,,,,,,,,,,,,,,,,
,,,,,,,,,,,,,,,,
,,,,,,,,,,,,,,,,
,,,,,,,,,,,,,,,,
,,,,,,,,,,,,,,,,
,,,,,,,,,,,,,,,,
,,,,,,,,,,,,,,,,
,,,,,,,,,,,,,,,,
,,,,,,,,,,,,,,,,
,,,,,,,,,,,,,,,,
,,,,,,,,,,,,,,,,
,,,,,,,,,,,,,,,,
,,,,,,,,,,,,,,,,
,,,,,,,,,,,,,,,,
,,,,,,,,,,,,,,,,
,,,,,,,,,,,,,,,,
,,,,,,,,,,,,,,,,
,,,,,,,,,,,,,,,,
,,,,,,,,,,,,,,,,
,,,,,,,,,,,,,,,,
,,,,,,,,,,,,,,,,
,,,,,,,,,,,,,,,,
,,,,,,,,,,,,,,,,
,,,,,,,,,,,,,,,,
,,,,,,,,,,,,,,,,
,,,,,,,,,,,,,,,,
,,,,,,,,,,,,,,,,
,,,,,,,,,,,,,,,,
,,,,,,,,,,,,,,,,
,,,,,,,,,,,,,,,,
,,,,,,,,,,,,,,,,
,,,,,,,,,,,,,,,,
,,,,,,,,,,,,,,,,
,,,,,,,,,,,,,,,,
,,,,,,,,,,,,,,,,
,,,,,,,,,,,,,,,,
,,,,,,,,,,,,,,,,
,,,,,,,,,,,,,,,,
,,,,,,,,,,,,,,,,
,,,,,,,,,,,,,,,,
,,,,,,,,,,,,,,,,
,,,,,,,,,,,,,,,,
,,,,,,,,,,,,,,,,
,,,,,,,,,,,,,,,,
,,,,,,,,,,,,,,,,
,,,,,,,,,,,,,,,,
,,,,,,,,,,,,,,,,
,,,,,,,,,,,,,,,,
,,,,,,,,,,,,,,,,
,,,,,,,,,,,,,,,,
,,,,,,,,,,,,,,,,
,,,,,,,,,,,,,,,,
,,,,,,,,,,,,,,,,
,,,,,,,,,,,,,,,,
,,,,,,,,,,,,,,,,
,,,,,,,,,,,,,,,,
,,,,,,,,,,,,,,,,
,,,,,,,,,,,,,,,,
,,,,,,,,,,,,,,,,
,,,,,,,,,,,,,,,,
,,,,,,,,,,,,,,,,
,,,,,,,,,,,,,,,,
,,,,,,,,,,,,,,,,
,,,,,,,,,,,,,,,,
,,,,,,,,,,,,,,,,
,,,,,,,,,,,,,,,,
,,,,,,,,,,,,,,,,
,,,,,,,,,,,,,,,,
,,,,,,,,,,,,,,,,
,,,,,,,,,,,,,,,,
,,,,,,,,,,,,,,,,
,,,,,,,,,,,,,,,,
,,,,,,,,,,,,,,,,
,,,,,,,,,,,,,,,,
,,,,,,,,,,,,,,,,
,,,,,,,,,,,,,,,,
,,,,,,,,,,,,,,,,
,,,,,,,,,,,,,,,,
,,,,,,,,,,,,,,,,
,,,,,,,,,,,,,,,,
,,,,,,,,,,,,,,,,
,,,,,,,,,,,,,,,,
,,,,,,,,,,,,,,,,
,,,,,,,,,,,,,,,,
,,,,,,,,,,,,,,,,
,,,,,,,,,,,,,,,,
,,,,,,,,,,,,,,,,
,,,,,,,,,,,,,,,,
,,,,,,,,,,,,,,,,
,,,,,,,,,,,,,,,,
,,,,,,,,,,,,,,,,
,,,,,,,,,,,,,,,,
,,,,,,,,,,,,,,,,
,,,,,,,,,,,,,,,,
,,,,,,,,,,,,,,,,
,,,,,,,,,,,,,,,,
,,,,,,,,,,,,,,,,
,,,,,,,,,,,,,,,,
,,,,,,,,,,,,,,,,
,,,,,,,,,,,,,,,,
,,,,,,,,,,,,,,,,
,,,,,,,,,,,,,,,,
,,,,,,,,,,,,,,,,
,,,,,,,,,,,,,,,,
,,,,,,,,,,,,,,,,
,,,,,,,,,,,,,,,,
,,,,,,,,,,,,,,,,
,,,,,,,,,,,,,,,,
,,,,,,,,,,,,,,,,
,,,,,,,,,,,,,,,,
,,,,,,,,,,,,,,,,
,,,,,,,,,,,,,,,,
,,,,,,,,,,,,,,,,
,,,,,,,,,,,,,,,,
,,,,,,,,,,,,,,,,
,,,,,,,,,,,,,,,,
,,,,,,,,,,,,,,,,
,,,,,,,,,,,,,,,,
,,,,,,,,,,,,,,,,
,,,,,,,,,,,,,,,,
,,,,,,,,,,,,,,,,
,,,,,,,,,,,,,,,,
,,,,,,,,,,,,,,,,
,,,,,,,,,,,,,,,,
,,,,,,,,,,,,,,,,
,,,,,,,,,,,,,,,,
,,,,,,,,,,,,,,,,
,,,,,,,,,,,,,,,,
,,,,,,,,,,,,,,,,
,,,,,,,,,,,,,,,,
,,,,,,,,,,,,,,,,
,,,,,,,,,,,,,,,,
,,,,,,,,,,,,,,,,
,,,,,,,,,,,,,,,,
,,,,,,,,,,,,,,,,
,,,,,,,,,,,,,,,,
,,,,,,,,,,,,,,,,
,,,,,,,,,,,,,,,,
,,,,,,,,,,,,,,,,
,,,,,,,,,,,,,,,,
,,,,,,,,,,,,,,,,
,,,,,,,,,,,,,,,,
,,,,,,,,,,,,,,,,
,,,,,,,,,,,,,,,,
,,,,,,,,,,,,,,,,
,,,,,,,,,,,,,,,,
,,,,,,,,,,,,,,,,
,,,,,,,,,,,,,,,,
,,,,,,,,,,,,,,,,
,,,,,,,,,,,,,,,,
,,,,,,,,,,,,,,,,
,,,,,,,,,,,,,,,,
,,,,,,,,,,,,,,,,
,,,,,,,,,,,,,,,,
,,,,,,,,,,,,,,,,
,,,,,,,,,,,,,,,,
,,,,,,,,,,,,,,,,
,,,,,,,,,,,,,,,,
,,,,,,,,,,,,,,,,
,,,,,,,,,,,,,,,,
,,,,,,,,,,,,,,,,
,,,,,,,,,,,,,,,,
,,,,,,,,,,,,,,,,
,,,,,,,,,,,,,,,,
,,,,,,,,,,,,,,,,
,,,,,,,,,,,,,,,,
,,,,,,,,,,,,,,,,
,,,,,,,,,,,,,,,,
,,,,,,,,,,,,,,,,
,,,,,,,,,,,,,,,,
,,,,,,,,,,,,,,,,
,,,,,,,,,,,,,,,,
,,,,,,,,,,,,,,,,
,,,,,,,,,,,,,,,,
,,,,,,,,,,,,,,,,
,,,,,,,,,,,,,,,,
,,,,,,,,,,,,,,,,
,,,,,,,,,,,,,,,,
,,,,,,,,,,,,,,,,
,,,,,,,,,,,,,,,,
,,,,,,,,,,,,,,,,
,,,,,,,,,,,,,,,,
,,,,,,,,,,,,,,,,
,,,,,,,,,,,,,,,,
,,,,,,,,,,,,,,,,
,,,,,,,,,,,,,,,,
,,,,,,,,,,,,,,,,
,,,,,,,,,,,,,,,,
,,,,,,,,,,,,,,,,
,,,,,,,,,,,,,,,,
,,,,,,,,,,,,,,,,
,,,,,,,,,,,,,,,,
,,,,,,,,,,,,,,,,
,,,,,,,,,,,,,,,,
,,,,,,,,,,,,,,,,
,,,,,,,,,,,,,,,,
,,,,,,,,,,,,,,,,
,,,,,,,,,,,,,,,,
,,,,,,,,,,,,,,,,
,,,,,,,,,,,,,,,,
,,,,,,,,,,,,,,,,
,,,,,,,,,,,,,,,,
,,,,,,,,,,,,,,,,
,,,,,,,,,,,,,,,,
,,,,,,,,,,,,,,,,
,,,,,,,,,,,,,,,,
,,,,,,,,,,,,,,,,
,,,,,,,,,,,,,,,,
,,,,,,,,,,,,,,,,
,,,,,,,,,,,,,,,,
,,,,,,,,,,,,,,,,
,,,,,,,,,,,,,,,,
,,,,,,,,,,,,,,,,
,,,,,,,,,,,,,,,,
,,,,,,,,,,,,,,,,
,,,,,,,,,,,,,,,,
,,,,,,,,,,,,,,,,
,,,,,,,,,,,,,,,,
,,,,,,,,,,,,,,,,
,,,,,,,,,,,,,,,,
,,,,,,,,,,,,,,,,
,,,,,,,,,,,,,,,,
,,,,,,,,,,,,,,,,
,,,,,,,,,,,,,,,,
,,,,,,,,,,,,,,,,
,,,,,,,,,,,,,,,,
,,,,,,,,,,,,,,,,
,,,,,,,,,,,,,,,,
,,,,,,,,,,,,,,,,
,,,,,,,,,,,,,,,,
,,,,,,,,,,,,,,,,
,,,,,,,,,,,,,,,,
,,,,,,,,,,,,,,,,
,,,,,,,,,,,,,,,,
,,,,,,,,,,,,,,,,
,,,,,,,,,,,,,,,,
,,,,,,,,,,,,,,,,
,,,,,,,,,,,,,,,,
,,,,,,,,,,,,,,,,
,,,,,,,,,,,,,,,,
,,,,,,,,,,,,,,,,
,,,,,,,,,,,,,,,,
,,,,,,,,,,,,,,,,
,,,,,,,,,,,,,,,,
,,,,,,,,,,,,,,,,
,,,,,,,,,,,,,,,,
,,,,,,,,,,,,,,,,
,,,,,,,,,,,,,,,,
,,,,,,,,,,,,,,,,
,,,,,,,,,,,,,,,,
,,,,,,,,,,,,,,,,
,,,,,,,,,,,,,,,,
,,,,,,,,,,,,,,,,
,,,,,,,,,,,,,,,,
,,,,,,,,,,,,,,,,
,,,,,,,,,,,,,,,,
,,,,,,,,,,,,,,,,
,,,,,,,,,,,,,,,,
,,,,,,,,,,,,,,,,
,,,,,,,,,,,,,,,,
,,,,,,,,,,,,,,,,
,,,,,,,,,,,,,,,,
,,,,,,,,,,,,,,,,
,,,,,,,,,,,,,,,,
,,,,,,,,,,,,,,,,
,,,,,,,,,,,,,,,,
,,,,,,,,,,,,,,,,
,,,,,,,,,,,,,,,,
,,,,,,,,,,,,,,,,
,,,,,,,,,,,,,,,,
,,,,,,,,,,,,,,,,
,,,,,,,,,,,,,,,,
,,,,,,,,,,,,,,,,
,,,,,,,,,,,,,,,,
,,,,,,,,,,,,,,,,
,,,,,,,,,,,,,,,,
,,,,,,,,,,,,,,,,
,,,,,,,,,,,,,,,,
,,,,,,,,,,,,,,,,
,,,,,,,,,,,,,,,,
,,,,,,,,,,,,,,,,
,,,,,,,,,,,,,,,,
,,,,,,,,,,,,,,,,
,,,,,,,,,,,,,,,,
,,,,,,,,,,,,,,,,
,,,,,,,,,,,,,,,,
,,,,,,,,,,,,,,,,
,,,,,,,,,,,,,,,,
,,,,,,,,,,,,,,,,
,,,,,,,,,,,,,,,,
,,,,,,,,,,,,,,,,
,,,,,,,,,,,,,,,,
,,,,,,,,,,,,,,,,
,,,,,,,,,,,,,,,,
,,,,,,,,,,,,,,,,
,,,,,,,,,,,,,,,,
,,,,,,,,,,,,,,,,
,,,,,,,,,,,,,,,,
,,,,,,,,,,,,,,,,
,,,,,,,,,,,,,,,,
,,,,,,,,,,,,,,,,
,,,,,,,,,,,,,,,,
,,,,,,,,,,,,,,,,
,,,,,,,,,,,,,,,,
,,,,,,,,,,,,,,,,
,,,,,,,,,,,,,,,,
,,,,,,,,,,,,,,,,
,,,,,,,,,,,,,,,,
,,,,,,,,,,,,,,,,
,,,,,,,,,,,,,,,,
,,,,,,,,,,,,,,,,
,,,,,,,,,,,,,,,,
,,,,,,,,,,,,,,,,
,,,,,,,,,,,,,,,,
,,,,,,,,,,,,,,,,
,,,,,,,,,,,,,,,,
,,,,,,,,,,,,,,,,
,,,,,,,,,,,,,,,,
,,,,,,,,,,,,,,,,
,,,,,,,,,,,,,,,,
,,,,,,,,,,,,,,,,
,,,,,,,,,,,,,,,,
,,,,,,,,,,,,,,,,
,,,,,,,,,,,,,,,,
,,,,,,,,,,,,,,,,
,,,,,,,,,,,,,,,,
,,,,,,,,,,,,,,,,
,,,,,,,,,,,,,,,,
,,,,,,,,,,,,,,,,
,,,,,,,,,,,,,,,,
,,,,,,,,,,,,,,,,
,,,,,,,,,,,,,,,,
,,,,,,,,,,,,,,,,
,,,,,,,,,,,,,,,,
,,,,,,,,,,,,,,,,
,,,,,,,,,,,,,,,,
,,,,,,,,,,,,,,,,
,,,,,,,,,,,,,,,,
,,,,,,,,,,,,,,,,
,,,,,,,,,,,,,,,,
,,,,,,,,,,,,,,,,
,,,,,,,,,,,,,,,,
,,,,,,,,,,,,,,,,
,,,,,,,,,,,,,,,,
,,,,,,,,,,,,,,,,
,,,,,,,,,,,,,,,,
,,,,,,,,,,,,,,,,
,,,,,,,,,,,,,,,,
,,,,,,,,,,,,,,,,
,,,,,,,,,,,,,,,,
,,,,,,,,,,,,,,,,
,,,,,,,,,,,,,,,,
,,,,,,,,,,,,,,,,
,,,,,,,,,,,,,,,,
,,,,,,,,,,,,,,,,
,,,,,,,,,,,,,,,,
,,,,,,,,,,,,,,,,
,,,,,,,,,,,,,,,,
,,,,,,,,,,,,,,,,
,,,,,,,,,,,,,,,,
,,,,,,,,,,,,,,,,
,,,,,,,,,,,,,,,,
,,,,,,,,,,,,,,,,
,,,,,,,,,,,,,,,,
,,,,,,,,,,,,,,,,
,,,,,,,,,,,,,,,,
,,,,,,,,,,,,,,,,
,,,,,,,,,,,,,,,,
,,,,,,,,,,,,,,,,
,,,,,,,,,,,,,,,,
,,,,,,,,,,,,,,,,
,,,,,,,,,,,,,,,,
,,,,,,,,,,,,,,,,
,,,,,,,,,,,,,,,,
,,,,,,,,,,,,,,,,
,,,,,,,,,,,,,,,,
,,,,,,,,,,,,,,,,
,,,,,,,,,,,,,,,,
,,,,,,,,,,,,,,,,
,,,,,,,,,,,,,,,,
,,,,,,,,,,,,,,,,
,,,,,,,,,,,,,,,,
,,,,,,,,,,,,,,,,
,,,,,,,,,,,,,,,,
,,,,,,,,,,,,,,,,
,,,,,,,,,,,,,,,,
,,,,,,,,,,,,,,,,
,,,,,,,,,,,,,,,,
,,,,,,,,,,,,,,,,
,,,,,,,,,,,,,,,,
,,,,,,,,,,,,,,,,
,,,,,,,,,,,,,,,,
,,,,,,,,,,,,,,,,
,,,,,,,,,,,,,,,,
,,,,,,,,,,,,,,,,
,,,,,,,,,,,,,,,,
,,,,,,,,,,,,,,,,
,,,,,,,,,,,,,,,,
,,,,,,,,,,,,,,,,
,,,,,,,,,,,,,,,,
,,,,,,,,,,,,,,,,
,,,,,,,,,,,,,,,,
,,,,,,,,,,,,,,,,
,,,,,,,,,,,,,,,,
,,,,,,,,,,,,,,,,
,,,,,,,,,,,,,,,,
,,,,,,,,,,,,,,,,
,,,,,,,,,,,,,,,,
,,,,,,,,,,,,,,,,
,,,,,,,,,,,,,,,,
,,,,,,,,,,,,,,,,
,,,,,,,,,,,,,,,,
,,,,,,,,,,,,,,,,
,,,,,,,,,,,,,,,,
,,,,,,,,,,,,,,,,
,,,,,,,,,,,,,,,,
,,,,,,,,,,,,,,,,
,,,,,,,,,,,,,,,,
,,,,,,,,,,,,,,,,
,,,,,,,,,,,,,,,,
,,,,,,,,,,,,,,,,
,,,,,,,,,,,,,,,,
,,,,,,,,,,,,,,,,
,,,,,,,,,,,,,,,,
,,,,,,,,,,,,,,,,
,,,,,,,,,,,,,,,,
,,,,,,,,,,,,,,,,
,,,,,,,,,,,,,,,,
,,,,,,,,,,,,,,,,
,,,,,,,,,,,,,,,,
,,,,,,,,,,,,,,,,
,,,,,,,,,,,,,,,,
,,,,,,,,,,,,,,,,
,,,,,,,,,,,,,,,,
,,,,,,,,,,,,,,,,
,,,,,,,,,,,,,,,,
,,,,,,,,,,,,,,,,
,,,,,,,,,,,,,,,,
,,,,,,,,,,,,,,,,
,,,,,,,,,,,,,,,,
,,,,,,,,,,,,,,,,
,,,,,,,,,,,,,,,,
,,,,,,,,,,,,,,,,
,,,,,,,,,,,,,,,,
,,,,,,,,,,,,,,,,
,,,,,,,,,,,,,,,,
,,,,,,,,,,,,,,,,
,,,,,,,,,,,,,,,,
,,,,,,,,,,,,,,,,
,,,,,,,,,,,,,,,,
,,,,,,,,,,,,,,,,
,,,,,,,,,,,,,,,,
,,,,,,,,,,,,,,,,
,,,,,,,,,,,,,,,,
,,,,,,,,,,,,,,,,
,,,,,,,,,,,,,,,,
,,,,,,,,,,,,,,,,
,,,,,,,,,,,,,,,,
,,,,,,,,,,,,,,,,
,,,,,,,,,,,,,,,,
,,,,,,,,,,,,,,,,
,,,,,,,,,,,,,,,,
,,,,,,,,,,,,,,,,
,,,,,,,,,,,,,,,,
,,,,,,,,,,,,,,,,
,,,,,,,,,,,,,,,,
,,,,,,,,,,,,,,,,
