,,,FORMATO PLANEACIÓN Y PROGRAMACIÓN DE ACTIVIDADES DE MANTENIMIENTO,,,,,,,,,,,,,,
,,,,,,,,,,,,,,,,,
,,,,,,,,,,,,,,,,,
Código centro,Centro,Ubicac. técnica,Denominación Ubic.,Equipo,Denominación,No. Plan,Desc. Plan,Orden,Actividad,Descripción,Clase de orden,Status sistema,Inicio program.,Responsable,Prioridad,Duración,
11,GASCOL SUR,0011-ENVASADO JUGOS HIT,EQUIPOS PARA  ENVASADO JUGOS HIT,900080,LLENADORA,42287,PLAN MTTO MEC LLENADORA L5 900080,13119317,INSPECCION SEMANAL LLENADORA DE JUGOS,ESTADO Y FUNCIONAMIENTO DE COMPONENTES ELECTRICOS,PM02,ABIE,2023-09-25 05:00:00,PULGAR VICTOR,Muy elevado,0.06666666666666667,900080-1
11,GASCOL SUR,0011-ENVASADO JUGOS HIT,EQUIPOS PARA  ENVASADO JUGOS HIT,900080,LLENADORA,42287,PLAN MTTO MEC LLENADORA L5 900080,13119317,INSPECCION SEMANAL LLENADORA DE JUGOS,FUGAS DE AIRE/ ACEITE,PM02,ABIE,2023-09-25 05:00:00,PULGAR VICTOR,Muy elevado,0.06666666666666667,900080-1
11,GASCOL SUR,0011-ENVASADO JUGOS HIT,EQUIPOS PARA  ENVASADO JUGOS HIT,900080,LLENADORA,42287,PLAN MTTO MEC LLENADORA L5 900080,13119317,INSPECCION SEMANAL LLENADORA DE JUGOS,ESTADO Y FUNCIONAMIENTO DE COMPONENTES MECANICOS,PM02,ABIE,2023-09-25 05:00:00,PULGAR VICTOR,Muy elevado,0.06666666666666667,900080-1
11,GASCOL SUR,0011-LINEA 1,"LINEA DE ENVASADO 1.25 l, 1,5 l  Y  2 l",518625,LLENADORA REPOTENCIADA - CEDI CALLE 80,41403,PLAN MTTO MEC LLENADORA 518625,13112206,INSPECCIÓN SEMANAL LLENADORA,FUGAS DE AIRE/ ACEITE,PM02,LIB.,2023-09-16 05:00:00,ESPAÑOL CESAR,Muy elevado,0.3333333333333333,518625-1
11,GASCOL SUR,0011-LINEA 1,"LINEA DE ENVASADO 1.25 l, 1,5 l  Y  2 l",518625,LLENADORA REPOTENCIADA - CEDI CALLE 80,41403,PLAN MTTO MEC LLENADORA 518625,13112206,INSPECCIÓN SEMANAL LLENADORA,ESTADO Y FUNCIONAMIENTO DE COMPONENTES MECANICOS,PM02,LIB.,2023-09-16 05:00:00,ESPAÑOL CESAR,Muy elevado,0.3333333333333333,518625-1
11,GASCOL SUR,0011-LINEA 1,"LINEA DE ENVASADO 1.25 l, 1,5 l  Y  2 l",518625,LLENADORA REPOTENCIADA - CEDI CALLE 80,41403,PLAN MTTO MEC LLENADORA 518625,13112206,INSPECCIÓN SEMANAL LLENADORA,ESTADO Y FUNCIONAMIENTO DE COMPONENTES ELECTRICOS,PM02,LIB.,2023-09-16 05:00:00,ESPAÑOL CESAR,Muy elevado,0.3333333333333333,518625-1
11,GASCOL SUR,0011-LINEA 4,LINEA DE ENVASADO LATA,630006,CONDENSADOR EVAPORATIVO,20491,PLAN MTTO MEC CONDENSADOR EVAP L4 630006,13111774,INSPECCION SEMANAL DEL CONDENSADOR EVA 3,FUGAS DE AIRE/ ACEITE/ AMONIACO,PM02,LIB.,2023-09-18 05:00:00,PACHECO LUIS,Muy elevado,0.3333333333333333,630006-1
11,GASCOL SUR,0011-LINEA 4,LINEA DE ENVASADO LATA,630006,CONDENSADOR EVAPORATIVO,20491,PLAN MTTO MEC CONDENSADOR EVAP L4 630006,13111774,INSPECCION SEMANAL DEL CONDENSADOR EVA 3,ESTADO Y FUNCIONAMIENTO DE COMPONENTES MECANICOS,PM02,LIB.,2023-09-18 05:00:00,PACHECO LUIS,Muy elevado,0.3333333333333333,630006-1
11,GASCOL SUR,0011-LINEA 4,LINEA DE ENVASADO LATA,630006,CONDENSADOR EVAPORATIVO,20491,PLAN MTTO MEC CONDENSADOR EVAP L4 630006,13111774,INSPECCION SEMANAL DEL CONDENSADOR EVA 3,ESTADO Y FUNCIONAMIENTO DE COMPONENTES ELECTRICOS,PM02,LIB.,2023-09-18 05:00:00,PACHECO LUIS,Muy elevado,0.3333333333333333,630006-1
11,GASCOL SUR,0011-LINEA 4,LINEA DE ENVASADO LATA,628875,COMPRESOR DE REFRIGERACION No. 1,20455,PLAN MTTO MEC COMPR 1 L4 REFRIGE 628875,13111769,INSPECCION SEMANAL COMPRESOR 1 LINEA 3,FUGAS DE AGUA/ ACEITE/ AMONIACO,PM02,LIB.,2023-09-18 05:00:00,PACHECO LUIS,Muy elevado,0.16666666666666666,628875-1
11,GASCOL SUR,0011-LINEA 4,LINEA DE ENVASADO LATA,628875,COMPRESOR DE REFRIGERACION No. 1,20455,PLAN MTTO MEC COMPR 1 L4 REFRIGE 628875,13111769,INSPECCION SEMANAL COMPRESOR 1 LINEA 3,ESTADO Y FUNCIONAMIENTO DE COMPONENTES MECANICOS,PM02,LIB.,2023-09-18 05:00:00,PACHECO LUIS,Muy elevado,0.16666666666666666,628875-1
11,GASCOL SUR,0011-LINEA 4,LINEA DE ENVASADO LATA,628875,COMPRESOR DE REFRIGERACION No. 1,20455,PLAN MTTO MEC COMPR 1 L4 REFRIGE 628875,13111769,INSPECCION SEMANAL COMPRESOR 1 LINEA 3,ESTADO Y FUNCIONAMIENTO DE COMPONENTES ELECTRICOS,PM02,LIB.,2023-09-18 05:00:00,PACHECO LUIS,Muy elevado,0.16666666666666666,628875-1
11,GASCOL SUR,0011-LINEA 4,LINEA DE ENVASADO LATA,628907,COMPRESOR DE REFRIGERACION No. 2,20457,PLAN MTTO MEC COMPR 2 L4 REFRIGE 628907,13111771,INSPECCION SEMANAL COMPRESOR 1 LINEA 3,FUGAS DE AGUA/ ACEITE/ AMONIACO,PM02,LIB.,2023-09-16 05:00:00,PACHECO LUIS,Muy elevado,0.16666666666666666,628907-1
11,GASCOL SUR,0011-LINEA 4,LINEA DE ENVASADO LATA,628907,COMPRESOR DE REFRIGERACION No. 2,20457,PLAN MTTO MEC COMPR 2 L4 REFRIGE 628907,13111771,INSPECCION SEMANAL COMPRESOR 1 LINEA 3,ESTADO Y FUNCIONAMIENTO DE COMPONENTES MECANICOS,PM02,LIB.,2023-09-16 05:00:00,PACHECO LUIS,Muy elevado,0.16666666666666666,628907-1
11,GASCOL SUR,0011-LINEA 4,LINEA DE ENVASADO LATA,628907,COMPRESOR DE REFRIGERACION No. 2,20457,PLAN MTTO MEC COMPR 2 L4 REFRIGE 628907,13111771,INSPECCION SEMANAL COMPRESOR 1 LINEA 3,ESTADO Y FUNCIONAMIENTO DE COMPONENTES ELECTRICOS,PM02,LIB.,2023-09-16 05:00:00,PACHECO LUIS,Muy elevado,0.16666666666666666,628907-1
11,GASCOL SUR,0011-ENVASADO JUGOS HIT,EQUIPOS PARA  ENVASADO JUGOS HIT,710309,CAPSULADORA WHITE CUP,15397,PLAN MTTO MEC WHITE CAP 710309,13118898,INSPECCION SEMANAL CAPSULADORA WHITE CUP,FUGAS DE AIRE/ ACEITE,PM02,ABIE,2023-09-23 05:00:00,PULGAR VICTOR,Muy elevado,0.16666666666666666,710309-1
11,GASCOL SUR,0011-ENVASADO JUGOS HIT,EQUIPOS PARA  ENVASADO JUGOS HIT,710309,CAPSULADORA WHITE CUP,15397,PLAN MTTO MEC WHITE CAP 710309,13118898,INSPECCION SEMANAL CAPSULADORA WHITE CUP,ESTADO Y FUNCIONAMIENTO DE COMPONENTES MECANICOS,PM02,ABIE,2023-09-23 05:00:00,PULGAR VICTOR,Muy elevado,0.16666666666666666,710309-1
11,GASCOL SUR,0011-ENVASADO JUGOS HIT,EQUIPOS PARA  ENVASADO JUGOS HIT,710309,CAPSULADORA WHITE CUP,15397,PLAN MTTO MEC WHITE CAP 710309,13118898,INSPECCION SEMANAL CAPSULADORA WHITE CUP,ESTADO Y FUNCIONAMIENTO DE COMPONENTES ELECTRICOS,PM02,ABIE,2023-09-23 05:00:00,PULGAR VICTOR,Muy elevado,0.16666666666666666,710309-1
11,GASCOL SUR,0011-ENVASADO JUGOS HIT,EQUIPOS PARA  ENVASADO JUGOS HIT,82960101,CODIFICADOR,18093,PLAN MTTO ELÉ COD NRET L5 82960101,13118909,INSPECCION SEMANAL CODIFICADOR NRET HIT.,ESTADO Y FUNCIONAMIENTO CABEZAL CODIFICADOR,PM02,ABIE,2023-09-23 05:00:00,Soto Sebastián,Muy elevado,0.05,82960101-1
11,GASCOL SUR,0011-ENVASADO JUGOS HIT,EQUIPOS PARA  ENVASADO JUGOS HIT,82960101,CODIFICADOR,18093,PLAN MTTO ELÉ COD NRET L5 82960101,13118909,INSPECCION SEMANAL CODIFICADOR NRET HIT.,ALINEACIÓN CHORRO/REGULACION DE TINTA,PM02,ABIE,2023-09-23 05:00:00,Soto Sebastián,Muy elevado,0.05,82960101-1
11,GASCOL SUR,0011-ENVASADO JUGOS HIT,EQUIPOS PARA  ENVASADO JUGOS HIT,82960101,CODIFICADOR,18093,PLAN MTTO ELÉ COD NRET L5 82960101,13118909,INSPECCION SEMANAL CODIFICADOR NRET HIT.,VERIFICAR IMPRESIÓN Y NIVELES DE FLUIDOS,PM02,ABIE,2023-09-23 05:00:00,Soto Sebastián,Muy elevado,0.05,82960101-1
11,GASCOL SUR,0011-ENVASADO JUGOS HIT,EQUIPOS PARA  ENVASADO JUGOS HIT,82960101,CODIFICADOR,18093,PLAN MTTO ELÉ COD NRET L5 82960101,13118909,INSPECCION SEMANAL CODIFICADOR NRET HIT.,COMPONENTES SUELTOS Ó AUSENTES,PM02,ABIE,2023-09-23 05:00:00,Soto Sebastián,Muy elevado,0.05,82960101-1
11,GASCOL SUR,0011-ENVASADO JUGOS HIT,EQUIPOS PARA  ENVASADO JUGOS HIT,589687,CODIFICADOR,34531,PLAN MTTO ELÉ CODIFICADOR L5 589687,13112103,INSPECCION SEMANAL CODIFICADOR,ESTADO Y FUNCIONAMIENTO CABEZAL CODIFICADOR,PM02,LIB.,2023-09-16 05:00:00,Soto Sebastián,Muy elevado,0.05,589687-1
11,GASCOL SUR,0011-ENVASADO JUGOS HIT,EQUIPOS PARA  ENVASADO JUGOS HIT,589687,CODIFICADOR,34531,PLAN MTTO ELÉ CODIFICADOR L5 589687,13112103,INSPECCION SEMANAL CODIFICADOR,ALINEACIÓN CHORRO/REGULACION DE TINTA,PM02,LIB.,2023-09-16 05:00:00,Soto Sebastián,Muy elevado,0.05,589687-1
11,GASCOL SUR,0011-ENVASADO JUGOS HIT,EQUIPOS PARA  ENVASADO JUGOS HIT,589687,CODIFICADOR,34531,PLAN MTTO ELÉ CODIFICADOR L5 589687,13112103,INSPECCION SEMANAL CODIFICADOR,VERIFICAR IMPRESIÓN Y NIVELES DE FLUIDOS,PM02,LIB.,2023-09-16 05:00:00,Soto Sebastián,Muy elevado,0.05,589687-1
11,GASCOL SUR,0011-ENVASADO JUGOS HIT,EQUIPOS PARA  ENVASADO JUGOS HIT,589687,CODIFICADOR,34531,PLAN MTTO ELÉ CODIFICADOR L5 589687,13112103,INSPECCION SEMANAL CODIFICADOR,COMPONENTES SUELTOS Ó AUSENTES,PM02,LIB.,2023-09-16 05:00:00,Soto Sebastián,Muy elevado,0.05,589687-1
11,GASCOL SUR,0011-ENVASADO JUGOS HIT,EQUIPOS PARA  ENVASADO JUGOS HIT,900053,COOLER,15399,PLAN MTTO MEC COOLER L5 900053,13118899,INSPECCION SEMANAL OPERACION COOLER,FUGAS DE AIRE/ ACEITE,PM02,ABIE,2023-09-23 05:00:00,PULGAR VICTOR,Muy elevado,0.06666666666666667,900053-1
11,GASCOL SUR,0011-ENVASADO JUGOS HIT,EQUIPOS PARA  ENVASADO JUGOS HIT,900053,COOLER,15399,PLAN MTTO MEC COOLER L5 900053,13118899,INSPECCION SEMANAL OPERACION COOLER,ESTADO Y FUNCIONAMIENTO DE COMPONENTES MECANICOS,PM02,ABIE,2023-09-23 05:00:00,PULGAR VICTOR,Muy elevado,0.06666666666666667,900053-1
11,GASCOL SUR,0011-ENVASADO JUGOS HIT,EQUIPOS PARA  ENVASADO JUGOS HIT,900053,COOLER,15399,PLAN MTTO MEC COOLER L5 900053,13118899,INSPECCION SEMANAL OPERACION COOLER,ESTADO Y FUNCIONAMIENTO DE COMPONENTES ELECTRICOS,PM02,ABIE,2023-09-23 05:00:00,PULGAR VICTOR,Muy elevado,0.06666666666666667,900053-1
11,GASCOL SUR,0011-ENVASADO JUGOS HIT,EQUIPOS PARA  ENVASADO JUGOS HIT,710307,DEPALETIZADORA,4652,PLAN MTTO MEC DEPALETIZADORA L5 710307,13111752,INSPECCION SEMANAL DEPALETIZADORA,FUGAS DE AIRE/ ACEITE,PM02,LIB.,2023-09-16 05:00:00,PULGAR VICTOR,Muy elevado,0.16666666666666666,710307-1
11,GASCOL SUR,0011-ENVASADO JUGOS HIT,EQUIPOS PARA  ENVASADO JUGOS HIT,710307,DEPALETIZADORA,4652,PLAN MTTO MEC DEPALETIZADORA L5 710307,13111752,INSPECCION SEMANAL DEPALETIZADORA,ESTADO Y FUNCIONAMIENTO DE COMPONENTES MECANICOS,PM02,LIB.,2023-09-16 05:00:00,PULGAR VICTOR,Muy elevado,0.16666666666666666,710307-1
11,GASCOL SUR,0011-ENVASADO JUGOS HIT,EQUIPOS PARA  ENVASADO JUGOS HIT,710307,DEPALETIZADORA,4652,PLAN MTTO MEC DEPALETIZADORA L5 710307,13111752,INSPECCION SEMANAL DEPALETIZADORA,ESTADO Y FUNCIONAMIENTO DE COMPONENTES ELECTRICOS,PM02,LIB.,2023-09-16 05:00:00,PULGAR VICTOR,Muy elevado,0.16666666666666666,710307-1
11,GASCOL SUR,0011-ENVASADO JUGOS HIT,EQUIPOS PARA  ENVASADO JUGOS HIT,710304,ENFARDADORA,15405,PLAN MTTO MEC ENFARDADORA L5 710304,13118902,INSPECCION SEMANAL ENFARDADORA L5,FUGAS DE AIRE/ ACEITE,PM02,ABIE,2023-09-23 05:00:00,PULGAR VICTOR,Muy elevado,0.3333333333333333,710304-1
11,GASCOL SUR,0011-ENVASADO JUGOS HIT,EQUIPOS PARA  ENVASADO JUGOS HIT,710304,ENFARDADORA,15405,PLAN MTTO MEC ENFARDADORA L5 710304,13118902,INSPECCION SEMANAL ENFARDADORA L5,ESTADO Y FUNCIONAMIENTO DE COMPONENTES MECANICOS,PM02,ABIE,2023-09-23 05:00:00,PULGAR VICTOR,Muy elevado,0.3333333333333333,710304-1
11,GASCOL SUR,0011-ENVASADO JUGOS HIT,EQUIPOS PARA  ENVASADO JUGOS HIT,710304,ENFARDADORA,15405,PLAN MTTO MEC ENFARDADORA L5 710304,13118902,INSPECCION SEMANAL ENFARDADORA L5,ESTADO Y FUNCIONAMIENTO DE COMPONENTES ELECTRICOS,PM02,ABIE,2023-09-23 05:00:00,PULGAR VICTOR,Muy elevado,0.3333333333333333,710304-1
11,GASCOL SUR,0011-ENVASADO JUGOS HIT,EQUIPOS PARA  ENVASADO JUGOS HIT,710306,ENJUAGADORA,15393,PLAN MTTO MEC ENJUAGADORA 710306,13118896,INSPECCION SEMANAL ENJUAGADORA,FUGAS DE AIRE/ ACEITE,PM02,ABIE,2023-09-23 05:00:00,PULGAR VICTOR,,0.16666666666666666,710306-1
11,GASCOL SUR,0011-ENVASADO JUGOS HIT,EQUIPOS PARA  ENVASADO JUGOS HIT,710306,ENJUAGADORA,15393,PLAN MTTO MEC ENJUAGADORA 710306,13118896,INSPECCION SEMANAL ENJUAGADORA,ESTADO Y FUNCIONAMIENTO DE COMPONENTES MECANICOS,PM02,ABIE,2023-09-23 05:00:00,PULGAR VICTOR,,0.16666666666666666,710306-1
11,GASCOL SUR,0011-ENVASADO JUGOS HIT,EQUIPOS PARA  ENVASADO JUGOS HIT,710306,ENJUAGADORA,15393,PLAN MTTO MEC ENJUAGADORA 710306,13118896,INSPECCION SEMANAL ENJUAGADORA,ESTADO Y FUNCIONAMIENTO DE COMPONENTES ELECTRICOS,PM02,ABIE,2023-09-23 05:00:00,PULGAR VICTOR,,0.16666666666666666,710306-1
11,GASCOL SUR,0011-ENVASADO JUGOS HIT,EQUIPOS PARA  ENVASADO JUGOS HIT,900049,LAVADORA DE CAJAS,7163,PLAN MTTO MEC LAV CAJAS L5 900049,13118873,INSPECCION SEMANAL LAVADORA CAJAS,FUGAS DE AIRE/ ACEITE,PM02,ABIE,2023-09-23 05:00:00,PULGAR VICTOR,Muy elevado,0.3333333333333333,900049-1
11,GASCOL SUR,0011-ENVASADO JUGOS HIT,EQUIPOS PARA  ENVASADO JUGOS HIT,900049,LAVADORA DE CAJAS,7163,PLAN MTTO MEC LAV CAJAS L5 900049,13118873,INSPECCION SEMANAL LAVADORA CAJAS,ESTADO Y FUNCIONAMIENTO DE COMPONENTES MECANICOS,PM02,ABIE,2023-09-23 05:00:00,PULGAR VICTOR,Muy elevado,0.3333333333333333,900049-1
11,GASCOL SUR,0011-ENVASADO JUGOS HIT,EQUIPOS PARA  ENVASADO JUGOS HIT,900049,LAVADORA DE CAJAS,7163,PLAN MTTO MEC LAV CAJAS L5 900049,13118873,INSPECCION SEMANAL LAVADORA CAJAS,ESTADO Y FUNCIONAMIENTO DE COMPONENTES ELECTRICOS,PM02,ABIE,2023-09-23 05:00:00,RODRIGUEZ WILSON,Muy elevado,0.3333333333333333,900049-1
11,GASCOL SUR,0011-ENVASADO JUGOS HIT,EQUIPOS PARA  ENVASADO JUGOS HIT,900055,TRANSPORTADOR DE BOTELLAS,15392,PLAN MTTO MEC TRANSPOR BOTELL L5 900055,13118892,INSPECCION SEMANAL OPERACION TRANSPORTAD,FUGAS DE AIRE/ ACEITE,PM02,ABIE,2023-09-23 05:00:00,RODRIGUEZ WILSON,Muy elevado,0.06666666666666667,900055-1
11,GASCOL SUR,0011-ENVASADO JUGOS HIT,EQUIPOS PARA  ENVASADO JUGOS HIT,900055,TRANSPORTADOR DE BOTELLAS,15392,PLAN MTTO MEC TRANSPOR BOTELL L5 900055,13118892,INSPECCION SEMANAL OPERACION TRANSPORTAD,ESTADO Y FUNCIONAMIENTO DE COMPONENTES MECANICOS,PM02,ABIE,2023-09-23 05:00:00,RODRIGUEZ WILSON,Muy elevado,0.06666666666666667,900055-1
11,GASCOL SUR,0011-ENVASADO JUGOS HIT,EQUIPOS PARA  ENVASADO JUGOS HIT,900055,TRANSPORTADOR DE BOTELLAS,15392,PLAN MTTO MEC TRANSPOR BOTELL L5 900055,13118892,INSPECCION SEMANAL OPERACION TRANSPORTAD,ESTADO Y FUNCIONAMIENTO DE COMPONENTES ELECTRICOS,PM02,ABIE,2023-09-23 05:00:00,RODRIGUEZ WILSON,Muy elevado,0.06666666666666667,900055-1
11,GASCOL SUR,0011-ENVASADO JUGOS HIT,EQUIPOS PARA  ENVASADO JUGOS HIT,90005502,TUNEL CALENTAMIENTO BOTELLAS HIT,28938,PLAN MTTO MEC TUNEL CALENT HIT 90005502,13111965,INSPECCION SEMANAL OPERACION TUNEL,AJUSTE GUÍAS,PM02,LIB.,2023-09-16 05:00:00,RODRIGUEZ WILSON,Muy elevado,0.1,90005502-1
11,GASCOL SUR,0011-ENVASADO JUGOS HIT,EQUIPOS PARA  ENVASADO JUGOS HIT,90005502,TUNEL CALENTAMIENTO BOTELLAS HIT,28938,PLAN MTTO MEC TUNEL CALENT HIT 90005502,13111965,INSPECCION SEMANAL OPERACION TUNEL,ESTADO TRANSPORTADOR,PM02,LIB.,2023-09-16 05:00:00,RODRIGUEZ WILSON,Muy elevado,0.1,90005502-1
11,GASCOL SUR,0011-SALA DE JARABES,EQUIPOS PARA  PREPARACION DE JARABE,699606,SALA DE PREPARACION DE JARABE,4112,OB.CAMBIO DE COTANDOR DE AGUA SALA JARAB,13104998,INSPECCION SEMANAL OPERACION SALA DE JAR,FUGAS DE AIRE/ ACEITE,PM02,LIB.,2023-09-08 05:00:00,ALVAREZ JOHAN,Muy elevado,0.16666666666666666,699606-1
11,GASCOL SUR,0011-SALA DE JARABES,EQUIPOS PARA  PREPARACION DE JARABE,699606,SALA DE PREPARACION DE JARABE,4112,OB.CAMBIO DE COTANDOR DE AGUA SALA JARAB,13104998,INSPECCION SEMANAL OPERACION SALA DE JAR,ESTADO Y FUNCIONAMIENTO DE COMPONENTES MECANICOS,PM02,LIB.,2023-09-08 05:00:00,ALVAREZ JOHAN,Muy elevado,0.16666666666666666,699606-1
11,GASCOL SUR,0011-SALA DE JARABES,EQUIPOS PARA  PREPARACION DE JARABE,699606,SALA DE PREPARACION DE JARABE,4112,OB.CAMBIO DE COTANDOR DE AGUA SALA JARAB,13104998,INSPECCION SEMANAL OPERACION SALA DE JAR,ESTADO Y FUNCIONAMIENTO DE COMPONENTES ELECTRICOS,PM02,LIB.,2023-09-08 05:00:00,ALVAREZ JOHAN,Muy elevado,0.16666666666666666,699606-1
11,GASCOL SUR,0011-PREPARACION JUGOS HIT,EQUIPOS PARA PREPARACION JUGOS HIT,900056,SISTEMA A (DRUMP DUMPER ),7174,PLAN MTTO MEC SISTEMA A 900056,13118878,INSPECCION SEMANAL SISTEMA A,FUGAS DE AIRE/ ACEITE,PM02,ABIE,2023-09-23 05:00:00,RODRIGUEZ WILSON,Muy elevado,0.06666666666666667,900056-1
11,GASCOL SUR,0011-PREPARACION JUGOS HIT,EQUIPOS PARA PREPARACION JUGOS HIT,900056,SISTEMA A (DRUMP DUMPER ),7174,PLAN MTTO MEC SISTEMA A 900056,13118878,INSPECCION SEMANAL SISTEMA A,ESTADO Y FUNCIONAMIENTO DE COMPONENTES MECANICOS,PM02,ABIE,2023-09-23 05:00:00,RODRIGUEZ WILSON,Muy elevado,0.06666666666666667,900056-1
11,GASCOL SUR,0011-PREPARACION JUGOS HIT,EQUIPOS PARA PREPARACION JUGOS HIT,900056,SISTEMA A (DRUMP DUMPER ),7174,PLAN MTTO MEC SISTEMA A 900056,13118878,INSPECCION SEMANAL SISTEMA A,ESTADO Y FUNCIONAMIENTO DE COMPONENTES ELECTRICOS,PM02,ABIE,2023-09-23 05:00:00,RODRIGUEZ WILSON,Muy elevado,0.06666666666666667,900056-1
11,GASCOL SUR,0011-PREPARACION JUGOS HIT,EQUIPOS PARA PREPARACION JUGOS HIT,900057,SISTEMA B (RECONSTITUCION DE PULPA ),7173,PLAN MTTO MEC SISTEMA B 900057,13118874,INSPECCION SEMANAL SISTEMA B (RECONSTITU,FUGAS DE AIRE/ ACEITE,PM02,ABIE,2023-09-23 05:00:00,RODRIGUEZ WILSON,Muy elevado,0.06666666666666667,900057-1
11,GASCOL SUR,0011-PREPARACION JUGOS HIT,EQUIPOS PARA PREPARACION JUGOS HIT,900057,SISTEMA B (RECONSTITUCION DE PULPA ),7173,PLAN MTTO MEC SISTEMA B 900057,13118874,INSPECCION SEMANAL SISTEMA B (RECONSTITU,ESTADO Y FUNCIONAMIENTO DE COMPONENTES MECANICOS,PM02,ABIE,2023-09-23 05:00:00,RODRIGUEZ WILSON,Muy elevado,0.06666666666666667,900057-1
11,GASCOL SUR,0011-PREPARACION JUGOS HIT,EQUIPOS PARA PREPARACION JUGOS HIT,900057,SISTEMA B (RECONSTITUCION DE PULPA ),7173,PLAN MTTO MEC SISTEMA B 900057,13118874,INSPECCION SEMANAL SISTEMA B (RECONSTITU,ESTADO Y FUNCIONAMIENTO DE COMPONENTES ELECTRICOS,PM02,ABIE,2023-09-23 05:00:00,RODRIGUEZ WILSON,Muy elevado,0.06666666666666667,900057-1
11,GASCOL SUR,0011-PREPARACION JUGOS HIT,EQUIPOS PARA PREPARACION JUGOS HIT,900058,SISTEMA C (DISOLUCCION DE AZUCAR ),29124,PLAN MTTO MEC SISTEMA C 900058,13105225,INSPECCION SEMANAL SISTEMA C (DISOLUCCIO,FUGAS DE AIRE/ ACEITE,PM02,LIB.,2023-09-08 05:00:00,RODRIGUEZ WILSON,Muy elevado,0.06666666666666667,900058-1
11,GASCOL SUR,0011-PREPARACION JUGOS HIT,EQUIPOS PARA PREPARACION JUGOS HIT,900058,SISTEMA C (DISOLUCCION DE AZUCAR ),29124,PLAN MTTO MEC SISTEMA C 900058,13105225,INSPECCION SEMANAL SISTEMA C (DISOLUCCIO,ESTADO Y FUNCIONAMIENTO DE COMPONENTES MECANICOS,PM02,LIB.,2023-09-08 05:00:00,RODRIGUEZ WILSON,Muy elevado,0.06666666666666667,900058-1
11,GASCOL SUR,0011-PREPARACION JUGOS HIT,EQUIPOS PARA PREPARACION JUGOS HIT,900058,SISTEMA C (DISOLUCCION DE AZUCAR ),29124,PLAN MTTO MEC SISTEMA C 900058,13105225,INSPECCION SEMANAL SISTEMA C (DISOLUCCIO,ESTADO Y FUNCIONAMIENTO DE COMPONENTES ELECTRICOS,PM02,LIB.,2023-09-08 05:00:00,RODRIGUEZ WILSON,Muy elevado,0.06666666666666667,900058-1
11,GASCOL SUR,0011-PREPARACION JUGOS HIT,EQUIPOS PARA PREPARACION JUGOS HIT,900059,SISTEMA D (PREPARACION  ),21140,PLAN MTTO MEC SISTEMA D 900059,13119181,INSPECCION SEMANAL SISTEMA D (PREPARACIO,FUGAS DE AIRE/ ACEITE,PM02,ABIE,2023-09-25 05:00:00,RODRIGUEZ WILSON,Muy elevado,0.06666666666666667,900059-1
11,GASCOL SUR,0011-PREPARACION JUGOS HIT,EQUIPOS PARA PREPARACION JUGOS HIT,900059,SISTEMA D (PREPARACION  ),21140,PLAN MTTO MEC SISTEMA D 900059,13119181,INSPECCION SEMANAL SISTEMA D (PREPARACIO,ESTADO Y FUNCIONAMIENTO DE COMPONENTES MECANICOS,PM02,ABIE,2023-09-25 05:00:00,RODRIGUEZ WILSON,Muy elevado,0.06666666666666667,900059-1
11,GASCOL SUR,0011-PREPARACION JUGOS HIT,EQUIPOS PARA PREPARACION JUGOS HIT,900059,SISTEMA D (PREPARACION  ),21140,PLAN MTTO MEC SISTEMA D 900059,13119181,INSPECCION SEMANAL SISTEMA D (PREPARACIO,ESTADO Y FUNCIONAMIENTO DE COMPONENTES ELECTRICOS,PM02,ABIE,2023-09-25 05:00:00,RODRIGUEZ WILSON,Muy elevado,0.06666666666666667,900059-1
11,GASCOL SUR,0011-PREPARACION JUGOS HIT,EQUIPOS PARA PREPARACION JUGOS HIT,900060,SISTEMA E (PASTEURIZA. Y ULTRA PASTER ),5053,PLAN MTTO MEC SISTEMA E 900060,13105004,INSPECCION SEMANAL SISTEMA E (PASTEURIZA,FUGAS DE AIRE/ ACEITE,PM02,LIB.,2023-09-11 05:00:00,RODRIGUEZ WILSON,Muy elevado,0.06666666666666667,900060-1
11,GASCOL SUR,0011-PREPARACION JUGOS HIT,EQUIPOS PARA PREPARACION JUGOS HIT,900060,SISTEMA E (PASTEURIZA. Y ULTRA PASTER ),5053,PLAN MTTO MEC SISTEMA E 900060,13105004,INSPECCION SEMANAL SISTEMA E (PASTEURIZA,ESTADO Y FUNCIONAMIENTO DE COMPONENTES MECANICOS,PM02,LIB.,2023-09-11 05:00:00,RODRIGUEZ WILSON,Muy elevado,0.06666666666666667,900060-1
11,GASCOL SUR,0011-PREPARACION JUGOS HIT,EQUIPOS PARA PREPARACION JUGOS HIT,900060,SISTEMA E (PASTEURIZA. Y ULTRA PASTER ),5053,PLAN MTTO MEC SISTEMA E 900060,13105004,INSPECCION SEMANAL SISTEMA E (PASTEURIZA,ESTADO Y FUNCIONAMIENTO DE COMPONENTES ELECTRICOS,PM02,LIB.,2023-09-11 05:00:00,RODRIGUEZ WILSON,Muy elevado,0.06666666666666667,900060-1
11,GASCOL SUR,0011-PREPARACION JUGOS HIT,EQUIPOS PARA PREPARACION JUGOS HIT,900061,SISTEMA F (CIP),5121,PLAN MTTO MEC SISTEMA F (CIP) 900061,13118869,INSPECCION SEMANAL  SISTEMA F (CIP),FUGAS DE AIRE/ ACEITE,PM02,ABIE,2023-09-23 05:00:00,RODRIGUEZ WILSON,Muy elevado,0.06666666666666667,900061-1
11,GASCOL SUR,0011-PREPARACION JUGOS HIT,EQUIPOS PARA PREPARACION JUGOS HIT,900061,SISTEMA F (CIP),5121,PLAN MTTO MEC SISTEMA F (CIP) 900061,13118869,INSPECCION SEMANAL  SISTEMA F (CIP),ESTADO Y FUNCIONAMIENTO DE COMPONENTES MECANICOS,PM02,ABIE,2023-09-23 05:00:00,RODRIGUEZ WILSON,Muy elevado,0.06666666666666667,900061-1
11,GASCOL SUR,0011-PREPARACION JUGOS HIT,EQUIPOS PARA PREPARACION JUGOS HIT,900061,SISTEMA F (CIP),5121,PLAN MTTO MEC SISTEMA F (CIP) 900061,13118869,INSPECCION SEMANAL  SISTEMA F (CIP),ESTADO Y FUNCIONAMIENTO DE COMPONENTES ELECTRICOS,PM02,ABIE,2023-09-23 05:00:00,RODRIGUEZ WILSON,Muy elevado,0.06666666666666667,900061-1
11,GASCOL SUR,0011-EQUIPOS AUXILIARES,EQUIPOS PARA SERVICIOS INDUSTRIALES,650005,CALDERA DE 400 BHP,21010,PLAN MTTO MEC CALDERA 400 BHP 650005,13119151,INSPECCION SEMANAL CALDERA DE 400 BHP,FUGAS DE AIRE/ ACEITE,PM02,ABIE,2023-09-23 05:00:00,Guzmán Leonardo,Muy elevado,0.06666666666666667,650005-1
11,GASCOL SUR,0011-EQUIPOS AUXILIARES,EQUIPOS PARA SERVICIOS INDUSTRIALES,650005,CALDERA DE 400 BHP,21010,PLAN MTTO MEC CALDERA 400 BHP 650005,13119151,INSPECCION SEMANAL CALDERA DE 400 BHP,ESTADO Y FUNCIONAMIENTO DE COMPONENTES MECANICOS,PM02,ABIE,2023-09-23 05:00:00,Guzmán Leonardo,Muy elevado,0.06666666666666667,650005-1
11,GASCOL SUR,0011-EQUIPOS AUXILIARES,EQUIPOS PARA SERVICIOS INDUSTRIALES,650005,CALDERA DE 400 BHP,21010,PLAN MTTO MEC CALDERA 400 BHP 650005,13119151,INSPECCION SEMANAL CALDERA DE 400 BHP,ESTADO Y FUNCIONAMIENTO DE COMPONENTES ELECTRICOS,PM02,ABIE,2023-09-23 05:00:00,Guzmán Leonardo,Muy elevado,0.06666666666666667,650005-1
11,GASCOL SUR,0011-EQUIPOS AUXILIARES,EQUIPOS PARA SERVICIOS INDUSTRIALES,900062,CALDERA DE 500 BHP,21008,PLAN MTTO MEC CALDERA 500 BHP 900062,13111833,INSPECCION SEMANAL CALDERA DE 500 BHP,FUGAS DE AIRE/ ACEITE,PM02,LIB.,2023-09-16 05:00:00,Guzmán Leonardo,Muy elevado,0.06666666666666667,900062-1
11,GASCOL SUR,0011-EQUIPOS AUXILIARES,EQUIPOS PARA SERVICIOS INDUSTRIALES,900062,CALDERA DE 500 BHP,21008,PLAN MTTO MEC CALDERA 500 BHP 900062,13111833,INSPECCION SEMANAL CALDERA DE 500 BHP,ESTADO Y FUNCIONAMIENTO DE COMPONENTES MECANICOS,PM02,LIB.,2023-09-16 05:00:00,Guzmán Leonardo,Muy elevado,0.06666666666666667,900062-1
11,GASCOL SUR,0011-EQUIPOS AUXILIARES,EQUIPOS PARA SERVICIOS INDUSTRIALES,900062,CALDERA DE 500 BHP,21008,PLAN MTTO MEC CALDERA 500 BHP 900062,13111833,INSPECCION SEMANAL CALDERA DE 500 BHP,ESTADO Y FUNCIONAMIENTO DE COMPONENTES ELECTRICOS,PM02,LIB.,2023-09-16 05:00:00,Guzmán Leonardo,Muy elevado,0.06666666666666667,900062-1
11,GASCOL SUR,0011-EQUIPOS AUXILIARES,EQUIPOS PARA SERVICIOS INDUSTRIALES,649579,COMPRESOR DE AIRE ATLAS COPCO,21084,PLAN MTTO MEC COMPRES AIRE ATLAS 649579,13119162,INSPECCION SEMANAL COMPRESOR DE AIRE ATL,FUGAS DE AIRE/ ACEITE,PM02,ABIE,2023-09-23 05:00:00,Guzmán Leonardo,Muy elevado,0.06666666666666667,649579-1
11,GASCOL SUR,0011-EQUIPOS AUXILIARES,EQUIPOS PARA SERVICIOS INDUSTRIALES,649579,COMPRESOR DE AIRE ATLAS COPCO,21084,PLAN MTTO MEC COMPRES AIRE ATLAS 649579,13119162,INSPECCION SEMANAL COMPRESOR DE AIRE ATL,ESTADO Y FUNCIONAMIENTO DE COMPONENTES MECANICOS,PM02,ABIE,2023-09-23 05:00:00,Guzmán Leonardo,Muy elevado,0.06666666666666667,649579-1
11,GASCOL SUR,0011-EQUIPOS AUXILIARES,EQUIPOS PARA SERVICIOS INDUSTRIALES,649579,COMPRESOR DE AIRE ATLAS COPCO,21084,PLAN MTTO MEC COMPRES AIRE ATLAS 649579,13119162,INSPECCION SEMANAL COMPRESOR DE AIRE ATL,ESTADO Y FUNCIONAMIENTO DE COMPONENTES ELECTRICOS,PM02,ABIE,2023-09-23 05:00:00,Guzmán Leonardo,Muy elevado,0.06666666666666667,649579-1
11,GASCOL SUR,0011-EQUIPOS AUXILIARES,EQUIPOS PARA SERVICIOS INDUSTRIALES,829074,COMPRESOR TORNILLO AIRE,29166,PLAN MTTO MEC COMPRES TORNI AIRE 829074,13111990,INSPECCION SEMANAL COMPRESOR DE AIRE ATL,FUGAS DE AIRE/ ACEITE,PM02,LIB.,2023-09-16 05:00:00,Guzmán Leonardo,Muy elevado,0.06666666666666667,829074-1
11,GASCOL SUR,0011-EQUIPOS AUXILIARES,EQUIPOS PARA SERVICIOS INDUSTRIALES,829074,COMPRESOR TORNILLO AIRE,29166,PLAN MTTO MEC COMPRES TORNI AIRE 829074,13111990,INSPECCION SEMANAL COMPRESOR DE AIRE ATL,ESTADO Y FUNCIONAMIENTO DE COMPONENTES MECANICOS,PM02,LIB.,2023-09-16 05:00:00,Guzmán Leonardo,Muy elevado,0.06666666666666667,829074-1
11,GASCOL SUR,0011-EQUIPOS AUXILIARES,EQUIPOS PARA SERVICIOS INDUSTRIALES,829074,COMPRESOR TORNILLO AIRE,29166,PLAN MTTO MEC COMPRES TORNI AIRE 829074,13111990,INSPECCION SEMANAL COMPRESOR DE AIRE ATL,ESTADO Y FUNCIONAMIENTO DE COMPONENTES ELECTRICOS,PM02,LIB.,2023-09-16 05:00:00,Guzmán Leonardo,Muy elevado,0.06666666666666667,829074-1
11,GASCOL SUR,0011-EQUIPOS AUXILIARES,EQUIPOS PARA SERVICIOS INDUSTRIALES,829073,COMPRESOR TORNILLO AIRE VEL. VARIABLE,29169,PLAN MTTO MEC COMPRES 829073 TORNI AIRE,13111992,INSPECCION SEMANAL COMPRESOR 829073,FUGAS DE AIRE/ ACEITE,PM02,LIB.,2023-09-16 05:00:00,Guzmán Leonardo,Muy elevado,0.06666666666666667,829073-1
11,GASCOL SUR,0011-EQUIPOS AUXILIARES,EQUIPOS PARA SERVICIOS INDUSTRIALES,829073,COMPRESOR TORNILLO AIRE VEL. VARIABLE,29169,PLAN MTTO MEC COMPRES 829073 TORNI AIRE,13111992,INSPECCION SEMANAL COMPRESOR 829073,ESTADO Y FUNCIONAMIENTO DE COMPONENTES MECANICOS,PM02,LIB.,2023-09-16 05:00:00,Guzmán Leonardo,Muy elevado,0.06666666666666667,829073-1
11,GASCOL SUR,0011-EQUIPOS AUXILIARES,EQUIPOS PARA SERVICIOS INDUSTRIALES,829073,COMPRESOR TORNILLO AIRE VEL. VARIABLE,29169,PLAN MTTO MEC COMPRES 829073 TORNI AIRE,13111992,INSPECCION SEMANAL COMPRESOR 829073,ESTADO Y FUNCIONAMIENTO DE COMPONENTES ELECTRICOS,PM02,LIB.,2023-09-16 05:00:00,Guzmán Leonardo,Muy elevado,0.06666666666666667,829073-1
11,GASCOL SUR,0011-LINEA 1,"LINEA DE ENVASADO 1.25 l, 1,5 l  Y  2 l",828996,PROCESADOR DE BEBIDA,9893,PLAN MTTO MEC PROCESADOR BEBIDA 828996,13118885,INSPECCION SEMANAL PROCESADOR DE BEBIDA,FUGAS DE AIRE/ ACEITE/ AMONIACO,PM02,ABIE,2023-09-26 05:00:00,ESPAÑOL CESAR,Muy elevado,0.3333333333333333,828996-1
11,GASCOL SUR,0011-LINEA 1,"LINEA DE ENVASADO 1.25 l, 1,5 l  Y  2 l",828996,PROCESADOR DE BEBIDA,9893,PLAN MTTO MEC PROCESADOR BEBIDA 828996,13118885,INSPECCION SEMANAL PROCESADOR DE BEBIDA,ESTADO Y FUNCIONAMIENTO DE COMPONENTES MECANICOS,PM02,ABIE,2023-09-26 05:00:00,ESPAÑOL CESAR,Muy elevado,0.3333333333333333,828996-1
11,GASCOL SUR,0011-LINEA 1,"LINEA DE ENVASADO 1.25 l, 1,5 l  Y  2 l",828996,PROCESADOR DE BEBIDA,9893,PLAN MTTO MEC PROCESADOR BEBIDA 828996,13118885,INSPECCION SEMANAL PROCESADOR DE BEBIDA,ESTADO Y FUNCIONAMIENTO DE COMPONENTES ELECTRICOS,PM02,ABIE,2023-09-26 05:00:00,ESPAÑOL CESAR,Muy elevado,0.3333333333333333,828996-1
11,GASCOL SUR,0011-LINEA 1,"LINEA DE ENVASADO 1.25 l, 1,5 l  Y  2 l",820030,TANDEM DE PALETIZADO,18253,PLAN MTTO MEC TANDEM PALETIZ L3 820030,13111756,INSPECCION SEMANAL OPERACION TANDEM,FUGAS DE AIRE/ ACEITE,PM02,LIB.,2023-09-16 05:00:00,ESPAÑOL CESAR,Muy elevado,0.3333333333333333,820030-1
11,GASCOL SUR,0011-LINEA 1,"LINEA DE ENVASADO 1.25 l, 1,5 l  Y  2 l",820030,TANDEM DE PALETIZADO,18253,PLAN MTTO MEC TANDEM PALETIZ L3 820030,13111756,INSPECCION SEMANAL OPERACION TANDEM,ESTADO Y FUNCIONAMIENTO DE COMPONENTES MECANICOS,PM02,LIB.,2023-09-16 05:00:00,ESPAÑOL CESAR,Muy elevado,0.3333333333333333,820030-1
11,GASCOL SUR,0011-LINEA 1,"LINEA DE ENVASADO 1.25 l, 1,5 l  Y  2 l",820030,TANDEM DE PALETIZADO,18253,PLAN MTTO MEC TANDEM PALETIZ L3 820030,13111756,INSPECCION SEMANAL OPERACION TANDEM,ESTADO Y FUNCIONAMIENTO DE COMPONENTES ELECTRICOS,PM02,LIB.,2023-09-16 05:00:00,ESPAÑOL CESAR,Muy elevado,0.3333333333333333,820030-1
11,GASCOL SUR,0011-LINEA 4,LINEA DE ENVASADO LATA,810003,CALENTADOR DE LATAS,20459,PLAN MTTO MEC CALENTADOR DE LATAS 810003,13105039,INSPECCION SEMANAL CALENADOR DE LATAS,FUGAS DE AIRE/ ACEITE,PM02,LIB.,2023-09-08 05:00:00,PACHECO LUIS,Muy elevado,0.3333333333333333,810003-1
11,GASCOL SUR,0011-LINEA 4,LINEA DE ENVASADO LATA,810003,CALENTADOR DE LATAS,20459,PLAN MTTO MEC CALENTADOR DE LATAS 810003,13105039,INSPECCION SEMANAL CALENADOR DE LATAS,ESTADO Y FUNCIONAMIENTO DE COMPONENTES MECANICOS,PM02,LIB.,2023-09-08 05:00:00,PACHECO LUIS,Muy elevado,0.3333333333333333,810003-1
11,GASCOL SUR,0011-LINEA 4,LINEA DE ENVASADO LATA,810003,CALENTADOR DE LATAS,20459,PLAN MTTO MEC CALENTADOR DE LATAS 810003,13105039,INSPECCION SEMANAL CALENADOR DE LATAS,ESTADO Y FUNCIONAMIENTO DE COMPONENTES ELECTRICOS,PM02,LIB.,2023-09-08 05:00:00,PACHECO LUIS,Muy elevado,0.3333333333333333,810003-1
11,GASCOL SUR,0011-LINEA 4,LINEA DE ENVASADO LATA,528834,CARBO COOLER,9894,PLAN MTTO MEC CARBO COOLER L4 528834,13118887,INSPECCION SEMANAL OPER CARBO L4,FUGAS DE AIRE/ ACEITE/ AMONIACO,PM02,ABIE,2023-09-26 05:00:00,PACHECO LUIS,Muy elevado,0.3333333333333333,528834-1
11,GASCOL SUR,0011-LINEA 4,LINEA DE ENVASADO LATA,528834,CARBO COOLER,9894,PLAN MTTO MEC CARBO COOLER L4 528834,13118887,INSPECCION SEMANAL OPER CARBO L4,ESTADO Y FUNCIONAMIENTO DE COMPONENTES MECANICOS,PM02,ABIE,2023-09-26 05:00:00,PACHECO LUIS,Muy elevado,0.3333333333333333,528834-1
11,GASCOL SUR,0011-LINEA 4,LINEA DE ENVASADO LATA,528834,CARBO COOLER,9894,PLAN MTTO MEC CARBO COOLER L4 528834,13118887,INSPECCION SEMANAL OPER CARBO L4,ESTADO Y FUNCIONAMIENTO DE COMPONENTES ELECTRICOS,PM02,ABIE,2023-09-26 05:00:00,PACHECO LUIS,Muy elevado,0.3333333333333333,528834-1
11,GASCOL SUR,0011-LINEA 4,LINEA DE ENVASADO LATA,82960201,CODIFICADOR,21312,PLAN MTTO CODIFIC L4 EN LIT L5 82960201,13119190,INSPECCION SEMANAL CODIFICADOR NRET HIT,ESTADO Y FUNCIONAMIENTO CABEZAL CODIFICADOR,PM02,ABIE,2023-09-25 05:00:00,GUAGLIANONI FREDY,,0.07142857142857142,82960201-1
11,GASCOL SUR,0011-LINEA 4,LINEA DE ENVASADO LATA,82960201,CODIFICADOR,21312,PLAN MTTO CODIFIC L4 EN LIT L5 82960201,13119190,INSPECCION SEMANAL CODIFICADOR NRET HIT,ALINEACIÓN CHORRO/REGULACION DE TINTA,PM02,ABIE,2023-09-25 05:00:00,GUAGLIANONI FREDY,,0.07142857142857142,82960201-1
11,GASCOL SUR,0011-LINEA 4,LINEA DE ENVASADO LATA,82960201,CODIFICADOR,21312,PLAN MTTO CODIFIC L4 EN LIT L5 82960201,13119190,INSPECCION SEMANAL CODIFICADOR NRET HIT,VERIFICAR IMPRESIÓN Y NIVELES DE FLUIDOS,PM02,ABIE,2023-09-25 05:00:00,GUAGLIANONI FREDY,,0.07142857142857142,82960201-1
11,GASCOL SUR,0011-LINEA 4,LINEA DE ENVASADO LATA,82960201,CODIFICADOR,21312,PLAN MTTO CODIFIC L4 EN LIT L5 82960201,13119190,INSPECCION SEMANAL CODIFICADOR NRET HIT,COMPONENTES SUELTOS Ó AUSENTES,PM02,ABIE,2023-09-25 05:00:00,GUAGLIANONI FREDY,,0.07142857142857142,82960201-1
11,GASCOL SUR,0011-LINEA 4,LINEA DE ENVASADO LATA,82960201,CODIFICADOR,21312,PLAN MTTO CODIFIC L4 EN LIT L5 82960201,13119190,INSPECCION SEMANAL CODIFICADOR NRET HIT,ESTADO Y FUNCIONAMIENTO CABEZAL CODIFICADOR,PM02,ABIE,2023-09-25 05:00:00,GUAGLIANONI FREDY,,0.07142857142857142,82960201-1
11,GASCOL SUR,0011-LINEA 4,LINEA DE ENVASADO LATA,82960201,CODIFICADOR,21312,PLAN MTTO CODIFIC L4 EN LIT L5 82960201,13119190,INSPECCION SEMANAL CODIFICADOR NRET HIT,ALINEACIÓN CHORRO/REGULACION DE TINTA,PM02,ABIE,2023-09-25 05:00:00,GUAGLIANONI FREDY,,0.07142857142857142,82960201-1
11,GASCOL SUR,0011-LINEA 4,LINEA DE ENVASADO LATA,82960201,CODIFICADOR,21312,PLAN MTTO CODIFIC L4 EN LIT L5 82960201,13119190,INSPECCION SEMANAL CODIFICADOR NRET HIT,VERIFICAR IMPRESIÓN Y NIVELES DE FLUIDOS,PM02,ABIE,2023-09-25 05:00:00,GUAGLIANONI FREDY,,0.07142857142857142,82960201-1
11,GASCOL SUR,0011-LINEA 4,LINEA DE ENVASADO LATA,82960402,CODIFICADOR,28928,PLAN MTTO CODIF MARKEN IMAJE L4 82960402,13111962,INSPECCION SEMANAL CODIFICADOR NRET HIT,COMPONENTES SUELTOS Ó AUSENTES,PM02,LIB.,2023-09-18 05:00:00,GUAGLIANONI FREDY,Muy elevado,0.5,82960402-1
11,GASCOL SUR,0011-LINEA 4,LINEA DE ENVASADO LATA,819101,DEPALETIZADORA LATA,20453,PLAN MTTO MEC DEPALETIZADORA LATA 819101,13111766,INSPECCION SEMANAL DEPALETIZADORA LATA,FUGAS DE AIRE/ ACEITE,PM02,LIB.,2023-09-16 05:00:00,PACHECO LUIS,Muy elevado,0.09999999999999999,819101-1
11,GASCOL SUR,0011-LINEA 4,LINEA DE ENVASADO LATA,819101,DEPALETIZADORA LATA,20453,PLAN MTTO MEC DEPALETIZADORA LATA 819101,13111766,INSPECCION SEMANAL DEPALETIZADORA LATA,ESTADO Y FUNCIONAMIENTO DE COMPONENTES MECANICOS,PM02,LIB.,2023-09-16 05:00:00,PACHECO LUIS,Muy elevado,0.09999999999999999,819101-1
11,GASCOL SUR,0011-LINEA 4,LINEA DE ENVASADO LATA,819101,DEPALETIZADORA LATA,20453,PLAN MTTO MEC DEPALETIZADORA LATA 819101,13111766,INSPECCION SEMANAL DEPALETIZADORA LATA,ESTADO Y FUNCIONAMIENTO DE COMPONENTES ELECTRICOS,PM02,LIB.,2023-09-16 05:00:00,PACHECO LUIS,Muy elevado,0.09999999999999999,819101-1
11,GASCOL SUR,0011-LINEA 4,LINEA DE ENVASADO LATA,810004,ENFARDADORA,20493,PLAN MTTO MEC ENFARDADORA L4 810004,13111775,INSPECCION SEMANAL ENFARDADORA,FUGAS DE AIRE/ ACEITE,PM02,LIB.,2023-09-16 05:00:00,PACHECO LUIS,Muy elevado,0.16666666666666666,810004-1
11,GASCOL SUR,0011-LINEA 4,LINEA DE ENVASADO LATA,810004,ENFARDADORA,20493,PLAN MTTO MEC ENFARDADORA L4 810004,13111775,INSPECCION SEMANAL ENFARDADORA,ESTADO Y FUNCIONAMIENTO DE COMPONENTES MECANICOS,PM02,LIB.,2023-09-16 05:00:00,PACHECO LUIS,Muy elevado,0.16666666666666666,810004-1
11,GASCOL SUR,0011-LINEA 4,LINEA DE ENVASADO LATA,810004,ENFARDADORA,20493,PLAN MTTO MEC ENFARDADORA L4 810004,13111775,INSPECCION SEMANAL ENFARDADORA,ESTADO Y FUNCIONAMIENTO DE COMPONENTES ELECTRICOS,PM02,LIB.,2023-09-16 05:00:00,PACHECO LUIS,Muy elevado,0.16666666666666666,810004-1
11,GASCOL SUR,0011-LINEA 4,LINEA DE ENVASADO LATA,8100062,ENJUAGADORA DE LATAS - RINSER,20764,PLAN MTTO RINSER L4 8100062,13111810,INSPECCION SEMANAL OPERACION RINSER,ESTADO SISTEMA NEUMÁTICO (ELECTROVÁLVULAS. CILINDROS ) ,PM02,LIB.,2023-09-16 05:00:00,PACHECO LUIS,Muy elevado,0.3333333333333333,8100062-1
11,GASCOL SUR,0011-LINEA 4,LINEA DE ENVASADO LATA,8100062,ENJUAGADORA DE LATAS - RINSER,20764,PLAN MTTO RINSER L4 8100062,13111810,INSPECCION SEMANAL OPERACION RINSER,"REVISIÓN DE TUBERÍA, BOQUILLAS, EMPAQUES, MANOMETROS",PM02,LIB.,2023-09-16 05:00:00,PACHECO LUIS,Muy elevado,0.3333333333333333,8100062-1
11,GASCOL SUR,0011-LINEA 4,LINEA DE ENVASADO LATA,8100062,ENJUAGADORA DE LATAS - RINSER,20764,PLAN MTTO RINSER L4 8100062,13111810,INSPECCION SEMANAL OPERACION RINSER,AJUSTE TORNILLERIA GENERAL,PM02,LIB.,2023-09-16 05:00:00,PACHECO LUIS,Muy elevado,0.3333333333333333,8100062-1
11,GASCOL SUR,0011-LINEA 4,LINEA DE ENVASADO LATA,810006,LLENADORA  DE LATA,20452,PLAN MTTO MEC LLENADORA LATA 810006,13118915,INSPECCIÓN SEMANAL LLENADORA LINEA 4,FUGAS DE AIRE/ ACEITE,PM02,LIB.,2023-09-23 05:00:00,PACHECO LUIS,Muy elevado,0.3333333333333333,810006-1
11,GASCOL SUR,0011-LINEA 4,LINEA DE ENVASADO LATA,810006,LLENADORA  DE LATA,20452,PLAN MTTO MEC LLENADORA LATA 810006,13118915,INSPECCIÓN SEMANAL LLENADORA LINEA 4,ESTADO Y FUNCIONAMIENTO DE COMPONENTES MECANICOS,PM02,LIB.,2023-09-23 05:00:00,PACHECO LUIS,Muy elevado,0.3333333333333333,810006-1
11,GASCOL SUR,0011-LINEA 4,LINEA DE ENVASADO LATA,810006,LLENADORA  DE LATA,20452,PLAN MTTO MEC LLENADORA LATA 810006,13118915,INSPECCIÓN SEMANAL LLENADORA LINEA 4,ESTADO Y FUNCIONAMIENTO DE COMPONENTES ELECTRICOS,PM02,LIB.,2023-09-23 05:00:00,PACHECO LUIS,Muy elevado,0.3333333333333333,810006-1
11,GASCOL SUR,0011-LINEA 4,LINEA DE ENVASADO LATA,829604,TRANSPORTADOR DE LATAS,20495,PLAN MTTO MEC TRANSPOR LATAS 829604,13105047,INSPECCION SEMANAL TRANSPORTADOR LATAS,FUGAS DE AIRE/ ACEITE,PM02,LIB.,2023-09-11 05:00:00,PACHECO LUIS,Muy elevado,0.3333333333333333,829604-1
11,GASCOL SUR,0011-LINEA 4,LINEA DE ENVASADO LATA,829604,TRANSPORTADOR DE LATAS,20495,PLAN MTTO MEC TRANSPOR LATAS 829604,13105047,INSPECCION SEMANAL TRANSPORTADOR LATAS,ESTADO Y FUNCIONAMIENTO DE COMPONENTES MECANICOS,PM02,LIB.,2023-09-11 05:00:00,PACHECO LUIS,Muy elevado,0.3333333333333333,829604-1
11,GASCOL SUR,0011-LINEA 4,LINEA DE ENVASADO LATA,829604,TRANSPORTADOR DE LATAS,20495,PLAN MTTO MEC TRANSPOR LATAS 829604,13105047,INSPECCION SEMANAL TRANSPORTADOR LATAS,ESTADO Y FUNCIONAMIENTO DE COMPONENTES ELECTRICOS,PM02,LIB.,2023-09-11 05:00:00,PACHECO LUIS,Muy elevado,0.3333333333333333,829604-1
11,GASCOL SUR,0011-LINEA PET AGUA ALIGERADA,LINEA PET AGUA ALIGERADA,829704,ALIMENTADOR DE TAPA PLASTICA,28872,PLAN MTTO MEC ALIMENT TAPA PLAST  829704,13111929,INSPECCIÓN SEMANAL DEL CLASIFICADOR DE T,FUGAS DE AIRE/ ACEITE,PM02,LIB.,2023-09-18 05:00:00,GONZALEZ NELSON,Muy elevado,0.06666666666666667,829704-1
11,GASCOL SUR,0011-LINEA PET AGUA ALIGERADA,LINEA PET AGUA ALIGERADA,829704,ALIMENTADOR DE TAPA PLASTICA,28872,PLAN MTTO MEC ALIMENT TAPA PLAST  829704,13111929,INSPECCIÓN SEMANAL DEL CLASIFICADOR DE T,ESTADO Y FUNCIONAMIENTO DE COMPONENTES MECANICOS,PM02,LIB.,2023-09-18 05:00:00,GONZALEZ NELSON,Muy elevado,0.06666666666666667,829704-1
11,GASCOL SUR,0011-LINEA PET AGUA ALIGERADA,LINEA PET AGUA ALIGERADA,829704,ALIMENTADOR DE TAPA PLASTICA,28872,PLAN MTTO MEC ALIMENT TAPA PLAST  829704,13111929,INSPECCIÓN SEMANAL DEL CLASIFICADOR DE T,ESTADO Y FUNCIONAMIENTO DE COMPONENTES ELECTRICOS,PM02,LIB.,2023-09-18 05:00:00,GONZALEZ NELSON,Muy elevado,0.06666666666666667,829704-1
11,GASCOL SUR,0011-LINEA PET AGUA ALIGERADA,LINEA PET AGUA ALIGERADA,589662,CODIFICADOR LASER DE ENVASE,28901,PLAN MTTO ELE CODIFICADOR LASER 589662,13119241,INSPECCION SEMANAL CODIFICADOR LASER,ESTADO Y FUNCIONAMIENTO LÁMPARA SEÑAL DE SERVICIO,PM02,ABIE,2023-09-26 05:00:00,GONZALEZ NELSON,Muy elevado,0.022222222222222223,589662-1
11,GASCOL SUR,0011-LINEA PET AGUA ALIGERADA,LINEA PET AGUA ALIGERADA,589662,CODIFICADOR LASER DE ENVASE,28901,PLAN MTTO ELE CODIFICADOR LASER 589662,13119241,INSPECCION SEMANAL CODIFICADOR LASER,VERIFICAR IMPRESIÓN,PM02,ABIE,2023-09-26 05:00:00,GONZALEZ NELSON,Muy elevado,0.022222222222222223,589662-1
11,GASCOL SUR,0011-LINEA PET AGUA ALIGERADA,LINEA PET AGUA ALIGERADA,589662,CODIFICADOR LASER DE ENVASE,28901,PLAN MTTO ELE CODIFICADOR LASER 589662,13119241,INSPECCION SEMANAL CODIFICADOR LASER,ESTADO DE FILTROS Y MANGUERAS,PM02,ABIE,2023-09-26 05:00:00,GONZALEZ NELSON,Muy elevado,0.022222222222222223,589662-1
11,GASCOL SUR,0011-LINEA PET AGUA ALIGERADA,LINEA PET AGUA ALIGERADA,589662,CODIFICADOR LASER DE ENVASE,28901,PLAN MTTO ELE CODIFICADOR LASER 589662,13119241,INSPECCION SEMANAL CODIFICADOR LASER,LIMPIEZA LENTE,PM02,ABIE,2023-09-26 05:00:00,GONZALEZ NELSON,Muy elevado,0.022222222222222223,589662-1
11,GASCOL SUR,0011-LINEA PET AGUA ALIGERADA,LINEA PET AGUA ALIGERADA,589662,CODIFICADOR LASER DE ENVASE,28901,PLAN MTTO ELE CODIFICADOR LASER 589662,13119241,INSPECCION SEMANAL CODIFICADOR LASER,ESTADO DE EXTRACTORES,PM02,ABIE,2023-09-26 05:00:00,GONZALEZ NELSON,Muy elevado,0.022222222222222223,589662-1
11,GASCOL SUR,0011-LINEA PET AGUA ALIGERADA,LINEA PET AGUA ALIGERADA,589662,CODIFICADOR LASER DE ENVASE,28901,PLAN MTTO ELE CODIFICADOR LASER 589662,13119241,INSPECCION SEMANAL CODIFICADOR LASER,ESTADO Y FUNCIONAMIENTO CABEZAL CODIFICADOR,PM02,ABIE,2023-09-26 05:00:00,GONZALEZ NELSON,Muy elevado,0.022222222222222223,589662-1
11,GASCOL SUR,0011-LINEA PET AGUA ALIGERADA,LINEA PET AGUA ALIGERADA,589662,CODIFICADOR LASER DE ENVASE,28901,PLAN MTTO ELE CODIFICADOR LASER 589662,13119241,INSPECCION SEMANAL CODIFICADOR LASER,ESTADO ESTABILIZADOR DE VOLTAJE,PM02,ABIE,2023-09-26 05:00:00,GONZALEZ NELSON,Muy elevado,0.022222222222222223,589662-1
11,GASCOL SUR,0011-LINEA PET AGUA ALIGERADA,LINEA PET AGUA ALIGERADA,589662,CODIFICADOR LASER DE ENVASE,28901,PLAN MTTO ELE CODIFICADOR LASER 589662,13119241,INSPECCION SEMANAL CODIFICADOR LASER,COMPONENTES SUELTOS Ó AUSENTES,PM02,ABIE,2023-09-26 05:00:00,GONZALEZ NELSON,Muy elevado,0.022222222222222223,589662-1
11,GASCOL SUR,0011-LINEA PET AGUA ALIGERADA,LINEA PET AGUA ALIGERADA,589662,CODIFICADOR LASER DE ENVASE,28901,PLAN MTTO ELE CODIFICADOR LASER 589662,13119241,INSPECCION SEMANAL CODIFICADOR LASER,COMPONENTES ELECTRICOS MOTORES/CABLEADO/SENSORES/ELECTROVALVULAS,PM02,ABIE,2023-09-26 05:00:00,GONZALEZ NELSON,Muy elevado,0.022222222222222223,589662-1
11,GASCOL SUR,0011-LINEA PET AGUA ALIGERADA,LINEA PET AGUA ALIGERADA,589686,CODIFICADOR LINEA PET,34377,PLAN MTTO CODIFICADOR 589686 LINEA PET,13112101,INSPECCION SEMANAL CODIFICADOR,ESTADO Y FUNCIONAMIENTO CABEZAL CODIFICADOR,PM02,LIB.,2023-09-18 05:00:00,GONZALEZ NELSON,Muy elevado,0.028571428571428574,589686-1
11,GASCOL SUR,0011-LINEA PET AGUA ALIGERADA,LINEA PET AGUA ALIGERADA,589686,CODIFICADOR LINEA PET,34377,PLAN MTTO CODIFICADOR 589686 LINEA PET,13112101,INSPECCION SEMANAL CODIFICADOR,ESTADO TRAMPA DE TINTA/BLOQUEO DE RETORNO,PM02,LIB.,2023-09-18 05:00:00,GONZALEZ NELSON,Muy elevado,0.028571428571428574,589686-1
11,GASCOL SUR,0011-LINEA PET AGUA ALIGERADA,LINEA PET AGUA ALIGERADA,589686,CODIFICADOR LINEA PET,34377,PLAN MTTO CODIFICADOR 589686 LINEA PET,13112101,INSPECCION SEMANAL CODIFICADOR,ALINEACIÓN CHORRO/REGULACION DE TINTA,PM02,LIB.,2023-09-18 05:00:00,GONZALEZ NELSON,Muy elevado,0.028571428571428574,589686-1
11,GASCOL SUR,0011-LINEA PET AGUA ALIGERADA,LINEA PET AGUA ALIGERADA,589686,CODIFICADOR LINEA PET,34377,PLAN MTTO CODIFICADOR 589686 LINEA PET,13112101,INSPECCION SEMANAL CODIFICADOR,ESTADO ESTABILIZADOR DE VOLTAJE,PM02,LIB.,2023-09-18 05:00:00,GONZALEZ NELSON,Muy elevado,0.028571428571428574,589686-1
11,GASCOL SUR,0011-LINEA PET AGUA ALIGERADA,LINEA PET AGUA ALIGERADA,589686,CODIFICADOR LINEA PET,34377,PLAN MTTO CODIFICADOR 589686 LINEA PET,13112101,INSPECCION SEMANAL CODIFICADOR,VERIFICAR IMPRESIÓN Y NIVELES DE FLUIDOS,PM02,LIB.,2023-09-18 05:00:00,GONZALEZ NELSON,Muy elevado,0.028571428571428574,589686-1
11,GASCOL SUR,0011-LINEA PET AGUA ALIGERADA,LINEA PET AGUA ALIGERADA,589686,CODIFICADOR LINEA PET,34377,PLAN MTTO CODIFICADOR 589686 LINEA PET,13112101,INSPECCION SEMANAL CODIFICADOR,COMPONENTES SUELTOS Ó AUSENTES,PM02,LIB.,2023-09-18 05:00:00,GONZALEZ NELSON,Muy elevado,0.028571428571428574,589686-1
11,GASCOL SUR,0011-LINEA PET AGUA ALIGERADA,LINEA PET AGUA ALIGERADA,589686,CODIFICADOR LINEA PET,34377,PLAN MTTO CODIFICADOR 589686 LINEA PET,13112101,INSPECCION SEMANAL CODIFICADOR,COMPONENTES ELECTRICOS MOTORES/CABLEADO/SENSORES/ELECTROVALVULAS,PM02,LIB.,2023-09-18 05:00:00,GOMEZ JAIRO,Muy elevado,0.028571428571428574,589686-1
11,GASCOL SUR,0011-LINEA PET AGUA ALIGERADA,LINEA PET AGUA ALIGERADA,710325,ENFARDADORA,28857,PLAN MTTO MEC ENFARDADORA 710325,13111925,INSPECCION SEMANAL ENFARDADORA 710325,FUGAS DE AIRE/ ACEITE,PM02,LIB.,2023-09-16 05:00:00,GOMEZ JAIRO,Muy elevado,0.06666666666666667,710325-1
11,GASCOL SUR,0011-LINEA PET AGUA ALIGERADA,LINEA PET AGUA ALIGERADA,710325,ENFARDADORA,28857,PLAN MTTO MEC ENFARDADORA 710325,13111925,INSPECCION SEMANAL ENFARDADORA 710325,ESTADO Y FUNCIONAMIENTO DE COMPONENTES MECANICOS,PM02,LIB.,2023-09-16 05:00:00,GOMEZ JAIRO,Muy elevado,0.06666666666666667,710325-1
11,GASCOL SUR,0011-LINEA PET AGUA ALIGERADA,LINEA PET AGUA ALIGERADA,710325,ENFARDADORA,28857,PLAN MTTO MEC ENFARDADORA 710325,13111925,INSPECCION SEMANAL ENFARDADORA 710325,ESTADO Y FUNCIONAMIENTO DE COMPONENTES ELECTRICOS,PM02,LIB.,2023-09-16 05:00:00,GOMEZ JAIRO,Muy elevado,0.06666666666666667,710325-1
11,GASCOL SUR,0011-LINEA PET AGUA ALIGERADA,LINEA PET AGUA ALIGERADA,579081,ENVOLVEDORA FILM PLASTICO,28851,PLAN MTTO MEC ENVOLV FILM PLASTIC 579081,13119224,INSPECCION SEMANAL ENVOLVEDORA FILM PLAS,FUGAS DE AIRE/ ACEITE,PM02,ABIE,2023-09-26 05:00:00,GOMEZ JAIRO,Muy elevado,0.06666666666666667,579081-1
11,GASCOL SUR,0011-LINEA PET AGUA ALIGERADA,LINEA PET AGUA ALIGERADA,579081,ENVOLVEDORA FILM PLASTICO,28851,PLAN MTTO MEC ENVOLV FILM PLASTIC 579081,13119224,INSPECCION SEMANAL ENVOLVEDORA FILM PLAS,ESTADO Y FUNCIONAMIENTO DE COMPONENTES MECANICOS,PM02,ABIE,2023-09-26 05:00:00,GOMEZ JAIRO,Muy elevado,0.06666666666666667,579081-1
11,GASCOL SUR,0011-LINEA PET AGUA ALIGERADA,LINEA PET AGUA ALIGERADA,579081,ENVOLVEDORA FILM PLASTICO,28851,PLAN MTTO MEC ENVOLV FILM PLASTIC 579081,13119224,INSPECCION SEMANAL ENVOLVEDORA FILM PLAS,ESTADO Y FUNCIONAMIENTO DE COMPONENTES ELECTRICOS,PM02,ABIE,2023-09-26 05:00:00,GOMEZ JAIRO,Muy elevado,0.06666666666666667,579081-1
11,GASCOL SUR,0011-LINEA PET AGUA ALIGERADA,LINEA PET AGUA ALIGERADA,820084,ETIQUETADORA ENVOLVENTE,28839,PLAN MTTO MEC ETIQUETADORA L7 820084,13119222,INSPECCION SEMANAL ETIQUETADORA,FUGAS DE AIRE/ ACEITE,PM02,ABIE,2023-09-23 05:00:00,GOMEZ JAIRO,Muy elevado,0.06666666666666667,820084-1
11,GASCOL SUR,0011-LINEA PET AGUA ALIGERADA,LINEA PET AGUA ALIGERADA,820084,ETIQUETADORA ENVOLVENTE,28839,PLAN MTTO MEC ETIQUETADORA L7 820084,13119222,INSPECCION SEMANAL ETIQUETADORA,ESTADO Y FUNCIONAMIENTO DE COMPONENTES MECANICOS,PM02,ABIE,2023-09-23 05:00:00,GOMEZ JAIRO,Muy elevado,0.06666666666666667,820084-1
11,GASCOL SUR,0011-LINEA PET AGUA ALIGERADA,LINEA PET AGUA ALIGERADA,820084,ETIQUETADORA ENVOLVENTE,28839,PLAN MTTO MEC ETIQUETADORA L7 820084,13119222,INSPECCION SEMANAL ETIQUETADORA,ESTADO Y FUNCIONAMIENTO DE COMPONENTES ELECTRICOS,PM02,ABIE,2023-09-23 05:00:00,GOMEZ JAIRO,Muy elevado,0.06666666666666667,820084-1
11,GASCOL SUR,0011-LINEA PET AGUA ALIGERADA,LINEA PET AGUA ALIGERADA,599606,INSPECTOR ELECTRONICO,28854,PLAN MTTO MEC INSP ELEC 599606,13119226,INSPECCION SEMANAL INSP ELECT 599606,FUGAS DE AIRE/ ACEITE,PM02,ABIE,2023-09-26 05:00:00,GOMEZ JAIRO,Muy elevado,0.06666666666666667,599606-1
11,GASCOL SUR,0011-LINEA PET AGUA ALIGERADA,LINEA PET AGUA ALIGERADA,599606,INSPECTOR ELECTRONICO,28854,PLAN MTTO MEC INSP ELEC 599606,13119226,INSPECCION SEMANAL INSP ELECT 599606,ESTADO Y FUNCIONAMIENTO DE COMPONENTES MECANICOS,PM02,ABIE,2023-09-26 05:00:00,GOMEZ JAIRO,Muy elevado,0.06666666666666667,599606-1
11,GASCOL SUR,0011-LINEA PET AGUA ALIGERADA,LINEA PET AGUA ALIGERADA,599606,INSPECTOR ELECTRONICO,28854,PLAN MTTO MEC INSP ELEC 599606,13119226,INSPECCION SEMANAL INSP ELECT 599606,ESTADO Y FUNCIONAMIENTO DE COMPONENTES ELECTRICOS,PM02,ABIE,2023-09-26 05:00:00,GOMEZ JAIRO,Muy elevado,0.06666666666666667,599606-1
11,GASCOL SUR,0011-LINEA PET AGUA ALIGERADA,LINEA PET AGUA ALIGERADA,820213,LIMPIEZA POR ESPUMA,28875,PLAN MTTO MEC LIMPIEZA POR ESPUMA 82021,13111932,INSPECCIÓN SEM DE LA LIMPIEZA POR ESPUMA,FUGAS DE AIRE/ ACEITE,PM02,ABIE,2023-09-19 05:00:00,GOMEZ JAIRO,Muy elevado,0.06666666666666667,820213-1
11,GASCOL SUR,0011-LINEA PET AGUA ALIGERADA,LINEA PET AGUA ALIGERADA,820213,LIMPIEZA POR ESPUMA,28875,PLAN MTTO MEC LIMPIEZA POR ESPUMA 82021,13111932,INSPECCIÓN SEM DE LA LIMPIEZA POR ESPUMA,ESTADO Y FUNCIONAMIENTO DE COMPONENTES MECANICOS,PM02,ABIE,2023-09-19 05:00:00,GOMEZ JAIRO,Muy elevado,0.06666666666666667,820213-1
11,GASCOL SUR,0011-LINEA PET AGUA ALIGERADA,LINEA PET AGUA ALIGERADA,820213,LIMPIEZA POR ESPUMA,28875,PLAN MTTO MEC LIMPIEZA POR ESPUMA 82021,13111932,INSPECCIÓN SEM DE LA LIMPIEZA POR ESPUMA,ESTADO Y FUNCIONAMIENTO DE COMPONENTES ELECTRICOS,PM02,ABIE,2023-09-19 05:00:00,GOMEZ JAIRO,Muy elevado,0.06666666666666667,820213-1
11,GASCOL SUR,0011-LINEA PET AGUA ALIGERADA,LINEA PET AGUA ALIGERADA,519562,LLENADORA DE BOTELLAS PET 48 VALVULAS,27478,PLAN MTTO MEC LLENADORA PET 519562,13119218,INSPECCION SEMANAL LLENADORA BOT PET,FUGAS DE AIRE/ ACEITE,PM02,ABIE,2023-09-23 05:00:00,GOMEZ JAIRO,Muy elevado,0.06666666666666667,519562-1
11,GASCOL SUR,0011-LINEA PET AGUA ALIGERADA,LINEA PET AGUA ALIGERADA,519562,LLENADORA DE BOTELLAS PET 48 VALVULAS,27478,PLAN MTTO MEC LLENADORA PET 519562,13119218,INSPECCION SEMANAL LLENADORA BOT PET,ESTADO Y FUNCIONAMIENTO DE COMPONENTES MECANICOS,PM02,ABIE,2023-09-23 05:00:00,GOMEZ JAIRO,Muy elevado,0.06666666666666667,519562-1
11,GASCOL SUR,0011-LINEA PET AGUA ALIGERADA,LINEA PET AGUA ALIGERADA,519562,LLENADORA DE BOTELLAS PET 48 VALVULAS,27478,PLAN MTTO MEC LLENADORA PET 519562,13119218,INSPECCION SEMANAL LLENADORA BOT PET,ESTADO Y FUNCIONAMIENTO DE COMPONENTES ELECTRICOS,PM02,ABIE,2023-09-23 05:00:00,GOMEZ JAIRO,Muy elevado,0.06666666666666667,519562-1
11,GASCOL SUR,0011-LINEA PET AGUA ALIGERADA,LINEA PET AGUA ALIGERADA,829872,LUBRICACION DE TRANSPORTADORES,28902,PLAN MTTO MEC LUBRIC TRASPORTAD 829872,13111952,INSPECCION SEMANAL LUBRIC TRANSPORTAORES,ESTADO DE RED DE LUBRICACIÓN Y ACCESORIOS.,PM02,LIB.,2023-09-16 05:00:00,GRANJA WALTER,Muy elevado,0.2,829872-1
11,GASCOL SUR,0011-LINEA PET AGUA ALIGERADA,LINEA PET AGUA ALIGERADA,719616,OZONIZADOR EN LINEA,28891,PLAN MTTO MEC OZONIZADOR EN LINEA 719616,13105186,INSPECCION SEMANAL OZONIZADOR EN LINEA 7,FUGAS DE AIRE/ ACEITE,PM02,LIB.,2023-09-09 05:00:00,GRANJA WALTER,,0.06666666666666667,719616-1
11,GASCOL SUR,0011-LINEA PET AGUA ALIGERADA,LINEA PET AGUA ALIGERADA,719616,OZONIZADOR EN LINEA,28891,PLAN MTTO MEC OZONIZADOR EN LINEA 719616,13105186,INSPECCION SEMANAL OZONIZADOR EN LINEA 7,ESTADO Y FUNCIONAMIENTO DE COMPONENTES MECANICOS,PM02,LIB.,2023-09-09 05:00:00,GRANJA WALTER,,0.06666666666666667,719616-1
11,GASCOL SUR,0011-LINEA PET AGUA ALIGERADA,LINEA PET AGUA ALIGERADA,719616,OZONIZADOR EN LINEA,28891,PLAN MTTO MEC OZONIZADOR EN LINEA 719616,13105186,INSPECCION SEMANAL OZONIZADOR EN LINEA 7,ESTADO Y FUNCIONAMIENTO DE COMPONENTES ELECTRICOS,PM02,LIB.,2023-09-09 05:00:00,GRANJA WALTER,,0.06666666666666667,719616-1
11,GASCOL SUR,0011-LINEA PET AGUA ALIGERADA,LINEA PET AGUA ALIGERADA,579082,PALETIZADORA,28878,PLAN MTTO MEC PALETIZADORA 579082,13111934,INSPECCION SEMANAL PALETIZADORA 579082,FUGAS DE AIRE/ ACEITE,PM02,LIB.,2023-09-16 05:00:00,GRANJA WALTER,Muy elevado,0.06666666666666667,579082-1
11,GASCOL SUR,0011-LINEA PET AGUA ALIGERADA,LINEA PET AGUA ALIGERADA,579082,PALETIZADORA,28878,PLAN MTTO MEC PALETIZADORA 579082,13111934,INSPECCION SEMANAL PALETIZADORA 579082,ESTADO Y FUNCIONAMIENTO DE COMPONENTES MECANICOS,PM02,LIB.,2023-09-16 05:00:00,GRANJA WALTER,Muy elevado,0.06666666666666667,579082-1
11,GASCOL SUR,0011-LINEA PET AGUA ALIGERADA,LINEA PET AGUA ALIGERADA,579082,PALETIZADORA,28878,PLAN MTTO MEC PALETIZADORA 579082,13111934,INSPECCION SEMANAL PALETIZADORA 579082,ESTADO Y FUNCIONAMIENTO DE COMPONENTES ELECTRICOS,PM02,LIB.,2023-09-16 05:00:00,GRANJA WALTER,Muy elevado,0.06666666666666667,579082-1
11,GASCOL SUR,0011-LINEA PET AGUA ALIGERADA,LINEA PET AGUA ALIGERADA,820304,SALA LIMPIA,28896,PLAN MTTO MEC SALA LIMPIA 820304,13119240,INSPECCIÓN SEM DE LA SALA LIMPIA 820304,FUGAS DE AIRE/ ACEITE,PM02,ABIE,2023-09-26 05:00:00,GRANJA WALTER,Muy elevado,0.06666666666666667,820304-1
11,GASCOL SUR,0011-LINEA PET AGUA ALIGERADA,LINEA PET AGUA ALIGERADA,820304,SALA LIMPIA,28896,PLAN MTTO MEC SALA LIMPIA 820304,13119240,INSPECCIÓN SEM DE LA SALA LIMPIA 820304,ESTADO Y FUNCIONAMIENTO DE COMPONENTES MECANICOS,PM02,ABIE,2023-09-26 05:00:00,GRANJA WALTER,Muy elevado,0.06666666666666667,820304-1
11,GASCOL SUR,0011-LINEA PET AGUA ALIGERADA,LINEA PET AGUA ALIGERADA,820304,SALA LIMPIA,28896,PLAN MTTO MEC SALA LIMPIA 820304,13119240,INSPECCIÓN SEM DE LA SALA LIMPIA 820304,ESTADO Y FUNCIONAMIENTO DE COMPONENTES ELECTRICOS,PM02,ABIE,2023-09-26 05:00:00,GRANJA WALTER,Muy elevado,0.06666666666666667,820304-1
11,GASCOL SUR,0011-LINEA PET AGUA ALIGERADA,LINEA PET AGUA ALIGERADA,829873,TRANSPORTE DE ENVASES,28835,PLAN MTTO MEC TRANSP ENVASE 829873,13119221,INSPECCION SEMANAL TRANSP ENVASE 829873,FUGAS DE AIRE/ ACEITE,PM02,ABIE,2023-09-23 05:00:00,GRANJA WALTER,Muy elevado,0.06666666666666667,829873-1
11,GASCOL SUR,0011-LINEA PET AGUA ALIGERADA,LINEA PET AGUA ALIGERADA,829873,TRANSPORTE DE ENVASES,28835,PLAN MTTO MEC TRANSP ENVASE 829873,13119221,INSPECCION SEMANAL TRANSP ENVASE 829873,ESTADO Y FUNCIONAMIENTO DE COMPONENTES MECANICOS,PM02,ABIE,2023-09-23 05:00:00,GRANJA WALTER,Muy elevado,0.06666666666666667,829873-1
11,GASCOL SUR,0011-LINEA PET AGUA ALIGERADA,LINEA PET AGUA ALIGERADA,829873,TRANSPORTE DE ENVASES,28835,PLAN MTTO MEC TRANSP ENVASE 829873,13119221,INSPECCION SEMANAL TRANSP ENVASE 829873,ESTADO Y FUNCIONAMIENTO DE COMPONENTES ELECTRICOS,PM02,ABIE,2023-09-23 05:00:00,GRANJA WALTER,Muy elevado,0.06666666666666667,829873-1
11,GASCOL SUR,0011-LINEA PET AGUA ALIGERADA,LINEA PET AGUA ALIGERADA,829875,TRANSPORTE DE PALETS,28881,PLAN MTTO MEC TRANSP DE PALETS 829875,13111938,INSPECCION SEMANAL TRANSPORTE PALETS,FUGAS DE AIRE/ ACEITE,PM02,LIB.,2023-09-18 05:00:00,GRANJA WALTER,Muy elevado,0.06666666666666667,829875-1
11,GASCOL SUR,0011-LINEA PET AGUA ALIGERADA,LINEA PET AGUA ALIGERADA,829875,TRANSPORTE DE PALETS,28881,PLAN MTTO MEC TRANSP DE PALETS 829875,13111938,INSPECCION SEMANAL TRANSPORTE PALETS,ESTADO Y FUNCIONAMIENTO DE COMPONENTES MECANICOS,PM02,LIB.,2023-09-18 05:00:00,GRANJA WALTER,Muy elevado,0.06666666666666667,829875-1
11,GASCOL SUR,0011-LINEA PET AGUA ALIGERADA,LINEA PET AGUA ALIGERADA,829875,TRANSPORTE DE PALETS,28881,PLAN MTTO MEC TRANSP DE PALETS 829875,13111938,INSPECCION SEMANAL TRANSPORTE PALETS,ESTADO Y FUNCIONAMIENTO DE COMPONENTES ELECTRICOS,PM02,LIB.,2023-09-18 05:00:00,GRANJA WALTER,Muy elevado,0.06666666666666667,829875-1
11,GASCOL SUR,0011-LINEA PET AGUA ALIGERADA,LINEA PET AGUA ALIGERADA,829874,TRANSPORTE DE PAQUETES,28893,PLAN MTTO MEC TRANSP DE PAQUETES 829874,13119239,INSPECCION SEMANAL TRANSP PAQUETES,FUGAS DE AIRE/ ACEITE,PM02,LIB.,2023-09-23 05:00:00,GRANJA WALTER,Muy elevado,0.06666666666666667,829874-1
11,GASCOL SUR,0011-LINEA PET AGUA ALIGERADA,LINEA PET AGUA ALIGERADA,829874,TRANSPORTE DE PAQUETES,28893,PLAN MTTO MEC TRANSP DE PAQUETES 829874,13119239,INSPECCION SEMANAL TRANSP PAQUETES,ESTADO Y FUNCIONAMIENTO DE COMPONENTES MECANICOS,PM02,LIB.,2023-09-23 05:00:00,GRANJA WALTER,Muy elevado,0.06666666666666667,829874-1
11,GASCOL SUR,0011-LINEA PET AGUA ALIGERADA,LINEA PET AGUA ALIGERADA,829874,TRANSPORTE DE PAQUETES,28893,PLAN MTTO MEC TRANSP DE PAQUETES 829874,13119239,INSPECCION SEMANAL TRANSP PAQUETES,ESTADO Y FUNCIONAMIENTO DE COMPONENTES ELECTRICOS,PM02,LIB.,2023-09-23 05:00:00,GRANJA WALTER,Muy elevado,0.06666666666666667,829874-1
,,,,,,,,,,,,,,,,,
,,,,,,,,,,,,,,,,,
,,,,,,,,,,,,,,,,,
,,,,,,,,,,,,,,,,,
,,,,,,,,,,,,,,,,,
,,,,,,,,,,,,,,,,,
,,,,,,,,,,,,,,,,,
,,,,,,,,,,,,,,,,,
,,,,,,,,,,,,,,,,,
,,,,,,,,,,,,,,,,,
,,,,,,,,,,,,,,,,,
,,,,,,,,,,,,,,,,,
,,,,,,,,,,,,,,,,,
,,,,,,,,,,,,,,,,,
,,,,,,,,,,,,,,,,,
,,,,,,,,,,,,,,,,,
,,,,,,,,,,,,,,,,,
,,,,,,,,,,,,,,,,,
,,,,,,,,,,,,,,,,,
,,,,,,,,,,,,,,,,,
,,,,,,,,,,,,,,,,,
,,,,,,,,,,,,,,,,,
,,,,,,,,,,,,,,,,,
,,,,,,,,,,,,,,,,,
,,,,,,,,,,,,,,,,,
,,,,,,,,,,,,,,,,,
,,,,,,,,,,,,,,,,,
,,,,,,,,,,,,,,,,,
,,,,,,,,,,,,,,,,,
,,,,,,,,,,,,,,,,,
,,,,,,,,,,,,,,,,,
,,,,,,,,,,,,,,,,,
,,,,,,,,,,,,,,,,,
,,,,,,,,,,,,,,,,,
,,,,,,,,,,,,,,,,,
,,,,,,,,,,,,,,,,,
,,,,,,,,,,,,,,,,,
,,,,,,,,,,,,,,,,,
,,,,,,,,,,,,,,,,,
,,,,,,,,,,,,,,,,,
,,,,,,,,,,,,,,,,,
,,,,,,,,,,,,,,,,,
,,,,,,,,,,,,,,,,,
,,,,,,,,,,,,,,,,,
,,,,,,,,,,,,,,,,,
,,,,,,,,,,,,,,,,,
,,,,,,,,,,,,,,,,,
,,,,,,,,,,,,,,,,,
,,,,,,,,,,,,,,,,,
,,,,,,,,,,,,,,,,,
,,,,,,,,,,,,,,,,,
,,,,,,,,,,,,,,,,,
,,,,,,,,,,,,,,,,,
,,,,,,,,,,,,,,,,,
,,,,,,,,,,,,,,,,,
,,,,,,,,,,,,,,,,,
,,,,,,,,,,,,,,,,,
,,,,,,,,,,,,,,,,,
,,,,,,,,,,,,,,,,,
,,,,,,,,,,,,,,,,,
,,,,,,,,,,,,,,,,,
,,,,,,,,,,,,,,,,,
,,,,,,,,,,,,,,,,,
,,,,,,,,,,,,,,,,,
,,,,,,,,,,,,,,,,,
,,,,,,,,,,,,,,,,,
,,,,,,,,,,,,,,,,,
,,,,,,,,,,,,,,,,,
,,,,,,,,,,,,,,,,,
,,,,,,,,,,,,,,,,,
,,,,,,,,,,,,,,,,,
,,,,,,,,,,,,,,,,,
,,,,,,,,,,,,,,,,,
,,,,,,,,,,,,,,,,,
,,,,,,,,,,,,,,,,,
,,,,,,,,,,,,,,,,,
,,,,,,,,,,,,,,,,,
,,,,,,,,,,,,,,,,,
,,,,,,,,,,,,,,,,,
,,,,,,,,,,,,,,,,,
,,,,,,,,,,,,,,,,,
,,,,,,,,,,,,,,,,,
,,,,,,,,,,,,,,,,,
,,,,,,,,,,,,,,,,,
,,,,,,,,,,,,,,,,,
,,,,,,,,,,,,,,,,,
,,,,,,,,,,,,,,,,,
,,,,,,,,,,,,,,,,,
,,,,,,,,,,,,,,,,,
,,,,,,,,,,,,,,,,,
,,,,,,,,,,,,,,,,,
,,,,,,,,,,,,,,,,,
,,,,,,,,,,,,,,,,,
,,,,,,,,,,,,,,,,,
,,,,,,,,,,,,,,,,,
,,,,,,,,,,,,,,,,,
,,,,,,,,,,,,,,,,,
,,,,,,,,,,,,,,,,,
,,,,,,,,,,,,,,,,,
,,,,,,,,,,,,,,,,,
,,,,,,,,,,,,,,,,,
,,,,,,,,,,,,,,,,,
,,,,,,,,,,,,,,,,,
,,,,,,,,,,,,,,,,,
,,,,,,,,,,,,,,,,,
,,,,,,,,,,,,,,,,,
,,,,,,,,,,,,,,,,,
,,,,,,,,,,,,,,,,,
,,,,,,,,,,,,,,,,,
,,,,,,,,,,,,,,,,,
,,,,,,,,,,,,,,,,,
,,,,,,,,,,,,,,,,,
,,,,,,,,,,,,,,,,,
,,,,,,,,,,,,,,,,,
,,,,,,,,,,,,,,,,,
,,,,,,,,,,,,,,,,,
,,,,,,,,,,,,,,,,,
,,,,,,,,,,,,,,,,,
,,,,,,,,,,,,,,,,,
,,,,,,,,,,,,,,,,,
,,,,,,,,,,,,,,,,,
,,,,,,,,,,,,,,,,,
,,,,,,,,,,,,,,,,,
,,,,,,,,,,,,,,,,,
,,,,,,,,,,,,,,,,,
,,,,,,,,,,,,,,,,,
,,,,,,,,,,,,,,,,,
,,,,,,,,,,,,,,,,,
,,,,,,,,,,,,,,,,,
,,,,,,,,,,,,,,,,,
,,,,,,,,,,,,,,,,,
,,,,,,,,,,,,,,,,,
,,,,,,,,,,,,,,,,,
,,,,,,,,,,,,,,,,,
,,,,,,,,,,,,,,,,,
,,,,,,,,,,,,,,,,,
,,,,,,,,,,,,,,,,,
,,,,,,,,,,,,,,,,,
,,,,,,,,,,,,,,,,,
,,,,,,,,,,,,,,,,,
,,,,,,,,,,,,,,,,,
,,,,,,,,,,,,,,,,,
,,,,,,,,,,,,,,,,,
,,,,,,,,,,,,,,,,,
,,,,,,,,,,,,,,,,,
,,,,,,,,,,,,,,,,,
,,,,,,,,,,,,,,,,,
,,,,,,,,,,,,,,,,,
,,,,,,,,,,,,,,,,,
,,,,,,,,,,,,,,,,,
,,,,,,,,,,,,,,,,,
,,,,,,,,,,,,,,,,,
,,,,,,,,,,,,,,,,,
,,,,,,,,,,,,,,,,,
,,,,,,,,,,,,,,,,,
,,,,,,,,,,,,,,,,,
,,,,,,,,,,,,,,,,,
,,,,,,,,,,,,,,,,,
,,,,,,,,,,,,,,,,,
,,,,,,,,,,,,,,,,,
,,,,,,,,,,,,,,,,,
,,,,,,,,,,,,,,,,,
,,,,,,,,,,,,,,,,,
,,,,,,,,,,,,,,,,,
,,,,,,,,,,,,,,,,,
,,,,,,,,,,,,,,,,,
,,,,,,,,,,,,,,,,,
,,,,,,,,,,,,,,,,,
,,,,,,,,,,,,,,,,,
,,,,,,,,,,,,,,,,,
,,,,,,,,,,,,,,,,,
,,,,,,,,,,,,,,,,,
,,,,,,,,,,,,,,,,,
,,,,,,,,,,,,,,,,,
,,,,,,,,,,,,,,,,,
,,,,,,,,,,,,,,,,,
,,,,,,,,,,,,,,,,,
,,,,,,,,,,,,,,,,,
,,,,,,,,,,,,,,,,,
,,,,,,,,,,,,,,,,,
,,,,,,,,,,,,,,,,,
,,,,,,,,,,,,,,,,,
,,,,,,,,,,,,,,,,,
,,,,,,,,,,,,,,,,,
,,,,,,,,,,,,,,,,,
,,,,,,,,,,,,,,,,,
,,,,,,,,,,,,,,,,,
,,,,,,,,,,,,,,,,,
,,,,,,,,,,,,,,,,,
,,,,,,,,,,,,,,,,,
,,,,,,,,,,,,,,,,,
,,,,,,,,,,,,,,,,,
,,,,,,,,,,,,,,,,,
,,,,,,,,,,,,,,,,,
,,,,,,,,,,,,,,,,,
,,,,,,,,,,,,,,,,,
,,,,,,,,,,,,,,,,,
,,,,,,,,,,,,,,,,,
,,,,,,,,,,,,,,,,,
,,,,,,,,,,,,,,,,,
,,,,,,,,,,,,,,,,,
,,,,,,,,,,,,,,,,,
,,,,,,,,,,,,,,,,,
,,,,,,,,,,,,,,,,,
,,,,,,,,,,,,,,,,,
,,,,,,,,,,,,,,,,,
,,,,,,,,,,,,,,,,,
,,,,,,,,,,,,,,,,,
,,,,,,,,,,,,,,,,,
,,,,,,,,,,,,,,,,,
,,,,,,,,,,,,,,,,,
,,,,,,,,,,,,,,,,,
,,,,,,,,,,,,,,,,,
,,,,,,,,,,,,,,,,,
,,,,,,,,,,,,,,,,,
,,,,,,,,,,,,,,,,,
,,,,,,,,,,,,,,,,,
,,,,,,,,,,,,,,,,,
,,,,,,,,,,,,,,,,,
,,,,,,,,,,,,,,,,,
,,,,,,,,,,,,,,,,,
,,,,,,,,,,,,,,,,,
,,,,,,,,,,,,,,,,,
,,,,,,,,,,,,,,,,,
,,,,,,,,,,,,,,,,,
,,,,,,,,,,,,,,,,,
,,,,,,,,,,,,,,,,,
,,,,,,,,,,,,,,,,,
,,,,,,,,,,,,,,,,,
,,,,,,,,,,,,,,,,,
,,,,,,,,,,,,,,,,,
,,,,,,,,,,,,,,,,,
,,,,,,,,,,,,,,,,,
,,,,,,,,,,,,,,,,,
,,,,,,,,,,,,,,,,,
,,,,,,,,,,,,,,,,,
,,,,,,,,,,,,,,,,,
,,,,,,,,,,,,,,,,,
,,,,,,,,,,,,,,,,,
,,,,,,,,,,,,,,,,,
,,,,,,,,,,,,,,,,,
,,,,,,,,,,,,,,,,,
,,,,,,,,,,,,,,,,,
,,,,,,,,,,,,,,,,,
,,,,,,,,,,,,,,,,,
,,,,,,,,,,,,,,,,,
,,,,,,,,,,,,,,,,,
,,,,,,,,,,,,,,,,,
,,,,,,,,,,,,,,,,,
,,,,,,,,,,,,,,,,,
,,,,,,,,,,,,,,,,,
,,,,,,,,,,,,,,,,,
,,,,,,,,,,,,,,,,,
,,,,,,,,,,,,,,,,,
,,,,,,,,,,,,,,,,,
,,,,,,,,,,,,,,,,,
,,,,,,,,,,,,,,,,,
,,,,,,,,,,,,,,,,,
,,,,,,,,,,,,,,,,,
,,,,,,,,,,,,,,,,,
,,,,,,,,,,,,,,,,,
,,,,,,,,,,,,,,,,,
,,,,,,,,,,,,,,,,,
,,,,,,,,,,,,,,,,,
,,,,,,,,,,,,,,,,,
,,,,,,,,,,,,,,,,,
,,,,,,,,,,,,,,,,,
,,,,,,,,,,,,,,,,,
,,,,,,,,,,,,,,,,,
,,,,,,,,,,,,,,,,,
,,,,,,,,,,,,,,,,,
,,,,,,,,,,,,,,,,,
,,,,,,,,,,,,,,,,,
,,,,,,,,,,,,,,,,,
,,,,,,,,,,,,,,,,,
,,,,,,,,,,,,,,,,,
,,,,,,,,,,,,,,,,,
,,,,,,,,,,,,,,,,,
,,,,,,,,,,,,,,,,,
,,,,,,,,,,,,,,,,,
,,,,,,,,,,,,,,,,,
,,,,,,,,,,,,,,,,,
,,,,,,,,,,,,,,,,,
,,,,,,,,,,,,,,,,,
,,,,,,,,,,,,,,,,,
,,,,,,,,,,,,,,,,,
,,,,,,,,,,,,,,,,,
,,,,,,,,,,,,,,,,,
,,,,,,,,,,,,,,,,,
,,,,,,,,,,,,,,,,,
,,,,,,,,,,,,,,,,,
,,,,,,,,,,,,,,,,,
,,,,,,,,,,,,,,,,,
,,,,,,,,,,,,,,,,,
,,,,,,,,,,,,,,,,,
,,,,,,,,,,,,,,,,,
,,,,,,,,,,,,,,,,,
,,,,,,,,,,,,,,,,,
,,,,,,,,,,,,,,,,,
,,,,,,,,,,,,,,,,,
,,,,,,,,,,,,,,,,,
,,,,,,,,,,,,,,,,,
,,,,,,,,,,,,,,,,,
,,,,,,,,,,,,,,,,,
,,,,,,,,,,,,,,,,,
,,,,,,,,,,,,,,,,,
,,,,,,,,,,,,,,,,,
,,,,,,,,,,,,,,,,,
,,,,,,,,,,,,,,,,,
,,,,,,,,,,,,,,,,,
,,,,,,,,,,,,,,,,,
,,,,,,,,,,,,,,,,,
,,,,,,,,,,,,,,,,,
,,,,,,,,,,,,,,,,,
,,,,,,,,,,,,,,,,,
,,,,,,,,,,,,,,,,,
,,,,,,,,,,,,,,,,,
,,,,,,,,,,,,,,,,,
,,,,,,,,,,,,,,,,,
,,,,,,,,,,,,,,,,,
,,,,,,,,,,,,,,,,,
,,,,,,,,,,,,,,,,,
,,,,,,,,,,,,,,,,,
,,,,,,,,,,,,,,,,,
,,,,,,,,,,,,,,,,,
,,,,,,,,,,,,,,,,,
,,,,,,,,,,,,,,,,,
,,,,,,,,,,,,,,,,,
,,,,,,,,,,,,,,,,,
,,,,,,,,,,,,,,,,,
,,,,,,,,,,,,,,,,,
,,,,,,,,,,,,,,,,,
,,,,,,,,,,,,,,,,,
,,,,,,,,,,,,,,,,,
,,,,,,,,,,,,,,,,,
,,,,,,,,,,,,,,,,,
,,,,,,,,,,,,,,,,,
,,,,,,,,,,,,,,,,,
,,,,,,,,,,,,,,,,,
,,,,,,,,,,,,,,,,,
,,,,,,,,,,,,,,,,,
,,,,,,,,,,,,,,,,,
,,,,,,,,,,,,,,,,,
,,,,,,,,,,,,,,,,,
,,,,,,,,,,,,,,,,,
,,,,,,,,,,,,,,,,,
,,,,,,,,,,,,,,,,,
,,,,,,,,,,,,,,,,,
,,,,,,,,,,,,,,,,,
,,,,,,,,,,,,,,,,,
,,,,,,,,,,,,,,,,,
,,,,,,,,,,,,,,,,,
,,,,,,,,,,,,,,,,,
,,,,,,,,,,,,,,,,,
,,,,,,,,,,,,,,,,,
,,,,,,,,,,,,,,,,,
,,,,,,,,,,,,,,,,,
,,,,,,,,,,,,,,,,,
,,,,,,,,,,,,,,,,,
,,,,,,,,,,,,,,,,,
,,,,,,,,,,,,,,,,,
,,,,,,,,,,,,,,,,,
,,,,,,,,,,,,,,,,,
,,,,,,,,,,,,,,,,,
,,,,,,,,,,,,,,,,,
,,,,,,,,,,,,,,,,,
,,,,,,,,,,,,,,,,,
,,,,,,,,,,,,,,,,,
,,,,,,,,,,,,,,,,,
,,,,,,,,,,,,,,,,,
,,,,,,,,,,,,,,,,,
,,,,,,,,,,,,,,,,,
,,,,,,,,,,,,,,,,,
,,,,,,,,,,,,,,,,,
,,,,,,,,,,,,,,,,,
,,,,,,,,,,,,,,,,,
,,,,,,,,,,,,,,,,,
,,,,,,,,,,,,,,,,,
,,,,,,,,,,,,,,,,,
,,,,,,,,,,,,,,,,,
,,,,,,,,,,,,,,,,,
,,,,,,,,,,,,,,,,,
,,,,,,,,,,,,,,,,,
,,,,,,,,,,,,,,,,,
,,,,,,,,,,,,,,,,,
,,,,,,,,,,,,,,,,,
,,,,,,,,,,,,,,,,,
,,,,,,,,,,,,,,,,,
,,,,,,,,,,,,,,,,,
,,,,,,,,,,,,,,,,,
,,,,,,,,,,,,,,,,,
,,,,,,,,,,,,,,,,,
,,,,,,,,,,,,,,,,,
,,,,,,,,,,,,,,,,,
,,,,,,,,,,,,,,,,,
,,,,,,,,,,,,,,,,,
,,,,,,,,,,,,,,,,,
,,,,,,,,,,,,,,,,,
,,,,,,,,,,,,,,,,,
,,,,,,,,,,,,,,,,,
,,,,,,,,,,,,,,,,,
,,,,,,,,,,,,,,,,,
,,,,,,,,,,,,,,,,,
,,,,,,,,,,,,,,,,,
,,,,,,,,,,,,,,,,,
,,,,,,,,,,,,,,,,,
,,,,,,,,,,,,,,,,,
,,,,,,,,,,,,,,,,,
,,,,,,,,,,,,,,,,,
,,,,,,,,,,,,,,,,,
,,,,,,,,,,,,,,,,,
,,,,,,,,,,,,,,,,,
,,,,,,,,,,,,,,,,,
,,,,,,,,,,,,,,,,,
,,,,,,,,,,,,,,,,,
,,,,,,,,,,,,,,,,,
,,,,,,,,,,,,,,,,,
,,,,,,,,,,,,,,,,,
,,,,,,,,,,,,,,,,,
,,,,,,,,,,,,,,,,,
,,,,,,,,,,,,,,,,,
,,,,,,,,,,,,,,,,,
,,,,,,,,,,,,,,,,,
,,,,,,,,,,,,,,,,,
,,,,,,,,,,,,,,,,,
,,,,,,,,,,,,,,,,,
,,,,,,,,,,,,,,,,,
,,,,,,,,,,,,,,,,,
,,,,,,,,,,,,,,,,,
,,,,,,,,,,,,,,,,,
,,,,,,,,,,,,,,,,,
,,,,,,,,,,,,,,,,,
,,,,,,,,,,,,,,,,,
,,,,,,,,,,,,,,,,,
,,,,,,,,,,,,,,,,,
,,,,,,,,,,,,,,,,,
,,,,,,,,,,,,,,,,,
,,,,,,,,,,,,,,,,,
,,,,,,,,,,,,,,,,,
,,,,,,,,,,,,,,,,,
,,,,,,,,,,,,,,,,,
,,,,,,,,,,,,,,,,,
,,,,,,,,,,,,,,,,,
,,,,,,,,,,,,,,,,,
,,,,,,,,,,,,,,,,,
,,,,,,,,,,,,,,,,,
,,,,,,,,,,,,,,,,,
,,,,,,,,,,,,,,,,,
,,,,,,,,,,,,,,,,,
,,,,,,,,,,,,,,,,,
,,,,,,,,,,,,,,,,,
,,,,,,,,,,,,,,,,,
,,,,,,,,,,,,,,,,,
,,,,,,,,,,,,,,,,,
,,,,,,,,,,,,,,,,,
,,,,,,,,,,,,,,,,,
,,,,,,,,,,,,,,,,,
,,,,,,,,,,,,,,,,,
,,,,,,,,,,,,,,,,,
,,,,,,,,,,,,,,,,,
,,,,,,,,,,,,,,,,,
,,,,,,,,,,,,,,,,,
,,,,,,,,,,,,,,,,,
,,,,,,,,,,,,,,,,,
,,,,,,,,,,,,,,,,,
,,,,,,,,,,,,,,,,,
,,,,,,,,,,,,,,,,,
,,,,,,,,,,,,,,,,,
,,,,,,,,,,,,,,,,,
,,,,,,,,,,,,,,,,,
,,,,,,,,,,,,,,,,,
,,,,,,,,,,,,,,,,,
,,,,,,,,,,,,,,,,,
,,,,,,,,,,,,,,,,,
,,,,,,,,,,,,,,,,,
,,,,,,,,,,,,,,,,,
,,,,,,,,,,,,,,,,,
,,,,,,,,,,,,,,,,,
,,,,,,,,,,,,,,,,,
,,,,,,,,,,,,,,,,,
,,,,,,,,,,,,,,,,,
,,,,,,,,,,,,,,,,,
,,,,,,,,,,,,,,,,,
,,,,,,,,,,,,,,,,,
,,,,,,,,,,,,,,,,,
,,,,,,,,,,,,,,,,,
,,,,,,,,,,,,,,,,,
,,,,,,,,,,,,,,,,,
,,,,,,,,,,,,,,,,,
,,,,,,,,,,,,,,,,,
,,,,,,,,,,,,,,,,,
,,,,,,,,,,,,,,,,,
,,,,,,,,,,,,,,,,,
,,,,,,,,,,,,,,,,,
,,,,,,,,,,,,,,,,,
,,,,,,,,,,,,,,,,,
,,,,,,,,,,,,,,,,,
,,,,,,,,,,,,,,,,,
,,,,,,,,,,,,,,,,,
,,,,,,,,,,,,,,,,,
,,,,,,,,,,,,,,,,,
,,,,,,,,,,,,,,,,,
,,,,,,,,,,,,,,,,,
,,,,,,,,,,,,,,,,,
,,,,,,,,,,,,,,,,,
,,,,,,,,,,,,,,,,,
,,,,,,,,,,,,,,,,,
,,,,,,,,,,,,,,,,,
,,,,,,,,,,,,,,,,,
,,,,,,,,,,,,,,,,,
,,,,,,,,,,,,,,,,,
,,,,,,,,,,,,,,,,,
,,,,,,,,,,,,,,,,,
,,,,,,,,,,,,,,,,,
,,,,,,,,,,,,,,,,,
,,,,,,,,,,,,,,,,,
,,,,,,,,,,,,,,,,,
,,,,,,,,,,,,,,,,,
,,,,,,,,,,,,,,,,,
,,,,,,,,,,,,,,,,,
,,,,,,,,,,,,,,,,,
,,,,,,,,,,,,,,,,,
,,,,,,,,,,,,,,,,,
,,,,,,,,,,,,,,,,,
,,,,,,,,,,,,,,,,,
,,,,,,,,,,,,,,,,,
,,,,,,,,,,,,,,,,,
,,,,,,,,,,,,,,,,,
,,,,,,,,,,,,,,,,,
,,,,,,,,,,,,,,,,,
,,,,,,,,,,,,,,,,,
,,,,,,,,,,,,,,,,,
,,,,,,,,,,,,,,,,,
,,,,,,,,,,,,,,,,,
,,,,,,,,,,,,,,,,,
,,,,,,,,,,,,,,,,,
,,,,,,,,,,,,,,,,,
,,,,,,,,,,,,,,,,,
,,,,,,,,,,,,,,,,,
,,,,,,,,,,,,,,,,,
,,,,,,,,,,,,,,,,,
,,,,,,,,,,,,,,,,,
,,,,,,,,,,,,,,,,,
,,,,,,,,,,,,,,,,,
,,,,,,,,,,,,,,,,,
,,,,,,,,,,,,,,,,,
,,,,,,,,,,,,,,,,,
,,,,,,,,,,,,,,,,,
,,,,,,,,,,,,,,,,,
,,,,,,,,,,,,,,,,,
,,,,,,,,,,,,,,,,,
,,,,,,,,,,,,,,,,,
,,,,,,,,,,,,,,,,,
,,,,,,,,,,,,,,,,,
,,,,,,,,,,,,,,,,,
,,,,,,,,,,,,,,,,,
,,,,,,,,,,,,,,,,,
,,,,,,,,,,,,,,,,,
,,,,,,,,,,,,,,,,,
,,,,,,,,,,,,,,,,,
,,,,,,,,,,,,,,,,,
,,,,,,,,,,,,,,,,,
,,,,,,,,,,,,,,,,,
,,,,,,,,,,,,,,,,,
,,,,,,,,,,,,,,,,,
,,,,,,,,,,,,,,,,,
,,,,,,,,,,,,,,,,,
,,,,,,,,,,,,,,,,,
,,,,,,,,,,,,,,,,,
,,,,,,,,,,,,,,,,,
,,,,,,,,,,,,,,,,,
,,,,,,,,,,,,,,,,,
,,,,,,,,,,,,,,,,,
,,,,,,,,,,,,,,,,,
,,,,,,,,,,,,,,,,,
,,,,,,,,,,,,,,,,,
,,,,,,,,,,,,,,,,,
,,,,,,,,,,,,,,,,,
,,,,,,,,,,,,,,,,,
,,,,,,,,,,,,,,,,,
,,,,,,,,,,,,,,,,,
,,,,,,,,,,,,,,,,,
,,,,,,,,,,,,,,,,,
,,,,,,,,,,,,,,,,,
,,,,,,,,,,,,,,,,,
,,,,,,,,,,,,,,,,,
,,,,,,,,,,,,,,,,,
,,,,,,,,,,,,,,,,,
,,,,,,,,,,,,,,,,,
,,,,,,,,,,,,,,,,,
,,,,,,,,,,,,,,,,,
,,,,,,,,,,,,,,,,,
,,,,,,,,,,,,,,,,,
,,,,,,,,,,,,,,,,,
,,,,,,,,,,,,,,,,,
,,,,,,,,,,,,,,,,,
,,,,,,,,,,,,,,,,,
,,,,,,,,,,,,,,,,,
,,,,,,,,,,,,,,,,,
,,,,,,,,,,,,,,,,,
,,,,,,,,,,,,,,,,,
,,,,,,,,,,,,,,,,,
,,,,,,,,,,,,,,,,,
,,,,,,,,,,,,,,,,,
,,,,,,,,,,,,,,,,,
,,,,,,,,,,,,,,,,,
,,,,,,,,,,,,,,,,,
,,,,,,,,,,,,,,,,,
,,,,,,,,,,,,,,,,,
,,,,,,,,,,,,,,,,,
,,,,,,,,,,,,,,,,,
,,,,,,,,,,,,,,,,,
,,,,,,,,,,,,,,,,,
,,,,,,,,,,,,,,,,,
,,,,,,,,,,,,,,,,,
,,,,,,,,,,,,,,,,,
,,,,,,,,,,,,,,,,,
,,,,,,,,,,,,,,,,,
,,,,,,,,,,,,,,,,,
,,,,,,,,,,,,,,,,,
,,,,,,,,,,,,,,,,,
,,,,,,,,,,,,,,,,,
,,,,,,,,,,,,,,,,,
,,,,,,,,,,,,,,,,,
,,,,,,,,,,,,,,,,,
,,,,,,,,,,,,,,,,,
,,,,,,,,,,,,,,,,,
,,,,,,,,,,,,,,,,,
,,,,,,,,,,,,,,,,,
,,,,,,,,,,,,,,,,,
,,,,,,,,,,,,,,,,,
,,,,,,,,,,,,,,,,,
,,,,,,,,,,,,,,,,,
,,,,,,,,,,,,,,,,,
,,,,,,,,,,,,,,,,,
,,,,,,,,,,,,,,,,,
,,,,,,,,,,,,,,,,,
,,,,,,,,,,,,,,,,,
,,,,,,,,,,,,,,,,,
,,,,,,,,,,,,,,,,,
,,,,,,,,,,,,,,,,,
,,,,,,,,,,,,,,,,,
,,,,,,,,,,,,,,,,,
,,,,,,,,,,,,,,,,,
,,,,,,,,,,,,,,,,,
,,,,,,,,,,,,,,,,,
,,,,,,,,,,,,,,,,,
,,,,,,,,,,,,,,,,,
,,,,,,,,,,,,,,,,,
,,,,,,,,,,,,,,,,,
,,,,,,,,,,,,,,,,,
,,,,,,,,,,,,,,,,,
,,,,,,,,,,,,,,,,,
,,,,,,,,,,,,,,,,,
,,,,,,,,,,,,,,,,,
,,,,,,,,,,,,,,,,,
,,,,,,,,,,,,,,,,,
,,,,,,,,,,,,,,,,,
,,,,,,,,,,,,,,,,,
,,,,,,,,,,,,,,,,,
,,,,,,,,,,,,,,,,,
,,,,,,,,,,,,,,,,,
,,,,,,,,,,,,,,,,,
,,,,,,,,,,,,,,,,,
,,,,,,,,,,,,,,,,,
,,,,,,,,,,,,,,,,,
,,,,,,,,,,,,,,,,,
,,,,,,,,,,,,,,,,,
,,,,,,,,,,,,,,,,,
,,,,,,,,,,,,,,,,,
,,,,,,,,,,,,,,,,,
,,,,,,,,,,,,,,,,,
,,,,,,,,,,,,,,,,,
,,,,,,,,,,,,,,,,,
,,,,,,,,,,,,,,,,,
,,,,,,,,,,,,,,,,,
,,,,,,,,,,,,,,,,,
,,,,,,,,,,,,,,,,,
,,,,,,,,,,,,,,,,,
,,,,,,,,,,,,,,,,,
,,,,,,,,,,,,,,,,,
,,,,,,,,,,,,,,,,,
,,,,,,,,,,,,,,,,,
,,,,,,,,,,,,,,,,,
,,,,,,,,,,,,,,,,,
,,,,,,,,,,,,,,,,,
,,,,,,,,,,,,,,,,,
,,,,,,,,,,,,,,,,,
,,,,,,,,,,,,,,,,,
,,,,,,,,,,,,,,,,,
,,,,,,,,,,,,,,,,,
,,,,,,,,,,,,,,,,,
,,,,,,,,,,,,,,,,,
,,,,,,,,,,,,,,,,,
,,,,,,,,,,,,,,,,,
,,,,,,,,,,,,,,,,,
,,,,,,,,,,,,,,,,,
,,,,,,,,,,,,,,,,,
,,,,,,,,,,,,,,,,,
,,,,,,,,,,,,,,,,,
,,,,,,,,,,,,,,,,,
,,,,,,,,,,,,,,,,,
,,,,,,,,,,,,,,,,,
,,,,,,,,,,,,,,,,,
,,,,,,,,,,,,,,,,,
,,,,,,,,,,,,,,,,,
,,,,,,,,,,,,,,,,,
,,,,,,,,,,,,,,,,,
,,,,,,,,,,,,,,,,,
,,,,,,,,,,,,,,,,,
,,,,,,,,,,,,,,,,,
,,,,,,,,,,,,,,,,,
,,,,,,,,,,,,,,,,,
,,,,,,,,,,,,,,,,,
,,,,,,,,,,,,,,,,,
,,,,,,,,,,,,,,,,,
,,,,,,,,,,,,,,,,,
,,,,,,,,,,,,,,,,,
,,,,,,,,,,,,,,,,,
,,,,,,,,,,,,,,,,,
,,,,,,,,,,,,,,,,,
,,,,,,,,,,,,,,,,,
,,,,,,,,,,,,,,,,,
,,,,,,,,,,,,,,,,,
,,,,,,,,,,,,,,,,,
,,,,,,,,,,,,,,,,,
,,,,,,,,,,,,,,,,,
,,,,,,,,,,,,,,,,,
,,,,,,,,,,,,,,,,,
,,,,,,,,,,,,,,,,,
,,,,,,,,,,,,,,,,,
,,,,,,,,,,,,,,,,,
,,,,,,,,,,,,,,,,,
,,,,,,,,,,,,,,,,,
,,,,,,,,,,,,,,,,,
,,,,,,,,,,,,,,,,,
,,,,,,,,,,,,,,,,,
,,,,,,,,,,,,,,,,,
,,,,,,,,,,,,,,,,,
,,,,,,,,,,,,,,,,,
,,,,,,,,,,,,,,,,,
,,,,,,,,,,,,,,,,,
,,,,,,,,,,,,,,,,,
,,,,,,,,,,,,,,,,,
,,,,,,,,,,,,,,,,,
,,,,,,,,,,,,,,,,,
,,,,,,,,,,,,,,,,,
,,,,,,,,,,,,,,,,,
,,,,,,,,,,,,,,,,,
,,,,,,,,,,,,,,,,,
,,,,,,,,,,,,,,,,,
,,,,,,,,,,,,,,,,,
,,,,,,,,,,,,,,,,,
,,,,,,,,,,,,,,,,,
,,,,,,,,,,,,,,,,,
,,,,,,,,,,,,,,,,,
,,,,,,,,,,,,,,,,,
,,,,,,,,,,,,,,,,,
,,,,,,,,,,,,,,,,,
,,,,,,,,,,,,,,,,,
,,,,,,,,,,,,,,,,,
,,,,,,,,,,,,,,,,,
,,,,,,,,,,,,,,,,,
,,,,,,,,,,,,,,,,,
,,,,,,,,,,,,,,,,,
,,,,,,,,,,,,,,,,,
,,,,,,,,,,,,,,,,,
,,,,,,,,,,,,,,,,,
,,,,,,,,,,,,,,,,,
,,,,,,,,,,,,,,,,,
,,,,,,,,,,,,,,,,,
,,,,,,,,,,,,,,,,,
,,,,,,,,,,,,,,,,,
,,,,,,,,,,,,,,,,,
,,,,,,,,,,,,,,,,,
,,,,,,,,,,,,,,,,,
,,,,,,,,,,,,,,,,,
,,,,,,,,,,,,,,,,,
,,,,,,,,,,,,,,,,,
,,,,,,,,,,,,,,,,,
,,,,,,,,,,,,,,,,,
,,,,,,,,,,,,,,,,,
,,,,,,,,,,,,,,,,,
,,,,,,,,,,,,,,,,,
,,,,,,,,,,,,,,,,,
,,,,,,,,,,,,,,,,,
,,,,,,,,,,,,,,,,,
,,,,,,,,,,,,,,,,,
,,,,,,,,,,,,,,,,,
,,,,,,,,,,,,,,,,,
,,,,,,,,,,,,,,,,,
,,,,,,,,,,,,,,,,,
,,,,,,,,,,,,,,,,,
,,,,,,,,,,,,,,,,,
,,,,,,,,,,,,,,,,,
,,,,,,,,,,,,,,,,,
,,,,,,,,,,,,,,,,,
,,,,,,,,,,,,,,,,,
,,,,,,,,,,,,,,,,,
,,,,,,,,,,,,,,,,,
,,,,,,,,,,,,,,,,,
,,,,,,,,,,,,,,,,,
,,,,,,,,,,,,,,,,,
,,,,,,,,,,,,,,,,,
,,,,,,,,,,,,,,,,,
,,,,,,,,,,,,,,,,,
,,,,,,,,,,,,,,,,,
,,,,,,,,,,,,,,,,,
,,,,,,,,,,,,,,,,,
,,,,,,,,,,,,,,,,,
,,,,,,,,,,,,,,,,,
,,,,,,,,,,,,,,,,,
,,,,,,,,,,,,,,,,,
,,,,,,,,,,,,,,,,,
,,,,,,,,,,,,,,,,,
,,,,,,,,,,,,,,,,,
,,,,,,,,,,,,,,,,,
,,,,,,,,,,,,,,,,,
,,,,,,,,,,,,,,,,,
,,,,,,,,,,,,,,,,,
,,,,,,,,,,,,,,,,,
,,,,,,,,,,,,,,,,,
,,,,,,,,,,,,,,,,,
,,,,,,,,,,,,,,,,,
,,,,,,,,,,,,,,,,,
,,,,,,,,,,,,,,,,,
,,,,,,,,,,,,,,,,,
,,,,,,,,,,,,,,,,,
,,,,,,,,,,,,,,,,,
,,,,,,,,,,,,,,,,,
,,,,,,,,,,,,,,,,,
,,,,,,,,,,,,,,,,,
,,,,,,,,,,,,,,,,,
,,,,,,,,,,,,,,,,,
,,,,,,,,,,,,,,,,,
,,,,,,,,,,,,,,,,,
,,,,,,,,,,,,,,,,,
,,,,,,,,,,,,,,,,,
,,,,,,,,,,,,,,,,,
,,,,,,,,,,,,,,,,,
,,,,,,,,,,,,,,,,,
,,,,,,,,,,,,,,,,,
,,,,,,,,,,,,,,,,,
,,,,,,,,,,,,,,,,,
,,,,,,,,,,,,,,,,,
,,,,,,,,,,,,,,,,,
,,,,,,,,,,,,,,,,,
,,,,,,,,,,,,,,,,,
,,,,,,,,,,,,,,,,,
,,,,,,,,,,,,,,,,,
,,,,,,,,,,,,,,,,,
,,,,,,,,,,,,,,,,,
,,,,,,,,,,,,,,,,,
,,,,,,,,,,,,,,,,,
,,,,,,,,,,,,,,,,,
,,,,,,,,,,,,,,,,,
,,,,,,,,,,,,,,,,,
,,,,,,,,,,,,,,,,,
,,,,,,,,,,,,,,,,,
,,,,,,,,,,,,,,,,,
,,,,,,,,,,,,,,,,,
,,,,,,,,,,,,,,,,,
,,,,,,,,,,,,,,,,,
,,,,,,,,,,,,,,,,,
,,,,,,,,,,,,,,,,,
,,,,,,,,,,,,,,,,,
,,,,,,,,,,,,,,,,,
,,,,,,,,,,,,,,,,,
,,,,,,,,,,,,,,,,,
,,,,,,,,,,,,,,,,,
,,,,,,,,,,,,,,,,,
,,,,,,,,,,,,,,,,,
,,,,,,,,,,,,,,,,,
,,,,,,,,,,,,,,,,,
,,,,,,,,,,,,,,,,,
,,,,,,,,,,,,,,,,,
,,,,,,,,,,,,,,,,,
,,,,,,,,,,,,,,,,,
,,,,,,,,,,,,,,,,,
,,,,,,,,,,,,,,,,,
,,,,,,,,,,,,,,,,,
,,,,,,,,,,,,,,,,,
,,,,,,,,,,,,,,,,,
,,,,,,,,,,,,,,,,,
,,,,,,,,,,,,,,,,,
,,,,,,,,,,,,,,,,,
,,,,,,,,,,,,,,,,,
,,,,,,,,,,,,,,,,,
,,,,,,,,,,,,,,,,,
,,,,,,,,,,,,,,,,,
,,,,,,,,,,,,,,,,,
,,,,,,,,,,,,,,,,,
,,,,,,,,,,,,,,,,,
,,,,,,,,,,,,,,,,,
,,,,,,,,,,,,,,,,,
,,,,,,,,,,,,,,,,,
,,,,,,,,,,,,,,,,,
,,,,,,,,,,,,,,,,,
,,,,,,,,,,,,,,,,,
,,,,,,,,,,,,,,,,,
,,,,,,,,,,,,,,,,,
,,,,,,,,,,,,,,,,,
,,,,,,,,,,,,,,,,,
,,,,,,,,,,,,,,,,,
,,,,,,,,,,,,,,,,,
,,,,,,,,,,,,,,,,,
,,,,,,,,,,,,,,,,,
,,,,,,,,,,,,,,,,,
,,,,,,,,,,,,,,,,,
,,,,,,,,,,,,,,,,,
,,,,,,,,,,,,,,,,,
,,,,,,,,,,,,,,,,,
,,,,,,,,,,,,,,,,,
,,,,,,,,,,,,,,,,,
,,,,,,,,,,,,,,,,,
,,,,,,,,,,,,,,,,,
,,,,,,,,,,,,,,,,,
,,,,,,,,,,,,,,,,,
,,,,,,,,,,,,,,,,,
,,,,,,,,,,,,,,,,,
,,,,,,,,,,,,,,,,,
,,,,,,,,,,,,,,,,,
,,,,,,,,,,,,,,,,,
,,,,,,,,,,,,,,,,,
,,,,,,,,,,,,,,,,,
,,,,,,,,,,,,,,,,,
,,,,,,,,,,,,,,,,,
,,,,,,,,,,,,,,,,,
,,,,,,,,,,,,,,,,,
,,,,,,,,,,,,,,,,,
,,,,,,,,,,,,,,,,,
,,,,,,,,,,,,,,,,,
,,,,,,,,,,,,,,,,,
,,,,,,,,,,,,,,,,,
,,,,,,,,,,,,,,,,,
,,,,,,,,,,,,,,,,,
,,,,,,,,,,,,,,,,,
,,,,,,,,,,,,,,,,,
,,,,,,,,,,,,,,,,,
,,,,,,,,,,,,,,,,,
,,,,,,,,,,,,,,,,,
,,,,,,,,,,,,,,,,,
,,,,,,,,,,,,,,,,,
,,,,,,,,,,,,,,,,,
,,,,,,,,,,,,,,,,,
,,,,,,,,,,,,,,,,,
,,,,,,,,,,,,,,,,,
,,,,,,,,,,,,,,,,,
,,,,,,,,,,,,,,,,,
,,,,,,,,,,,,,,,,,
,,,,,,,,,,,,,,,,,
,,,,,,,,,,,,,,,,,
,,,,,,,,,,,,,,,,,
,,,,,,,,,,,,,,,,,
,,,,,,,,,,,,,,,,,
,,,,,,,,,,,,,,,,,
,,,,,,,,,,,,,,,,,
,,,,,,,,,,,,,,,,,
,,,,,,,,,,,,,,,,,
,,,,,,,,,,,,,,,,,
,,,,,,,,,,,,,,,,,
,,,,,,,,,,,,,,,,,
,,,,,,,,,,,,,,,,,
,,,,,,,,,,,,,,,,,
,,,,,,,,,,,,,,,,,
,,,,,,,,,,,,,,,,,
,,,,,,,,,,,,,,,,,
,,,,,,,,,,,,,,,,,
,,,,,,,,,,,,,,,,,
,,,,,,,,,,,,,,,,,
,,,,,,,,,,,,,,,,,
,,,,,,,,,,,,,,,,,
,,,,,,,,,,,,,,,,,
,,,,,,,,,,,,,,,,,
,,,,,,,,,,,,,,,,,
,,,,,,,,,,,,,,,,,
,,,,,,,,,,,,,,,,,
,,,,,,,,,,,,,,,,,
,,,,,,,,,,,,,,,,,
,,,,,,,,,,,,,,,,,
,,,,,,,,,,,,,,,,,
,,,,,,,,,,,,,,,,,
,,,,,,,,,,,,,,,,,
,,,,,,,,,,,,,,,,,
,,,,,,,,,,,,,,,,,
,,,,,,,,,,,,,,,,,
,,,,,,,,,,,,,,,,,
,,,,,,,,,,,,,,,,,
,,,,,,,,,,,,,,,,,
,,,,,,,,,,,,,,,,,
,,,,,,,,,,,,,,,,,
,,,,,,,,,,,,,,,,,
,,,,,,,,,,,,,,,,,
,,,,,,,,,,,,,,,,,
,,,,,,,,,,,,,,,,,
,,,,,,,,,,,,,,,,,
,,,,,,,,,,,,,,,,,
,,,,,,,,,,,,,,,,,
,,,,,,,,,,,,,,,,,
,,,,,,,,,,,,,,,,,
,,,,,,,,,,,,,,,,,
,,,,,,,,,,,,,,,,,
,,,,,,,,,,,,,,,,,
,,,,,,,,,,,,,,,,,
,,,,,,,,,,,,,,,,,
,,,,,,,,,,,,,,,,,
,,,,,,,,,,,,,,,,,
,,,,,,,,,,,,,,,,,
,,,,,,,,,,,,,,,,,
,,,,,,,,,,,,,,,,,
,,,,,,,,,,,,,,,,,
,,,,,,,,,,,,,,,,,
,,,,,,,,,,,,,,,,,
,,,,,,,,,,,,,,,,,
,,,,,,,,,,,,,,,,,
,,,,,,,,,,,,,,,,,
,,,,,,,,,,,,,,,,,
,,,,,,,,,,,,,,,,,
,,,,,,,,,,,,,,,,,
,,,,,,,,,,,,,,,,,
,,,,,,,,,,,,,,,,,
,,,,,,,,,,,,,,,,,
,,,,,,,,,,,,,,,,,
,,,,,,,,,,,,,,,,,
,,,,,,,,,,,,,,,,,
,,,,,,,,,,,,,,,,,
,,,,,,,,,,,,,,,,,
,,,,,,,,,,,,,,,,,
,,,,,,,,,,,,,,,,,
,,,,,,,,,,,,,,,,,
,,,,,,,,,,,,,,,,,
,,,,,,,,,,,,,,,,,
,,,,,,,,,,,,,,,,,
,,,,,,,,,,,,,,,,,
,,,,,,,,,,,,,,,,,
,,,,,,,,,,,,,,,,,
,,,,,,,,,,,,,,,,,
,,,,,,,,,,,,,,,,,
,,,,,,,,,,,,,,,,,
,,,,,,,,,,,,,,,,,
,,,,,,,,,,,,,,,,,
,,,,,,,,,,,,,,,,,
,,,,,,,,,,,,,,,,,
,,,,,,,,,,,,,,,,,
,,,,,,,,,,,,,,,,,
,,,,,,,,,,,,,,,,,
,,,,,,,,,,,,,,,,,
,,,,,,,,,,,,,,,,,
,,,,,,,,,,,,,,,,,
,,,,,,,,,,,,,,,,,
,,,,,,,,,,,,,,,,,
,,,,,,,,,,,,,,,,,
,,,,,,,,,,,,,,,,,
,,,,,,,,,,,,,,,,,
,,,,,,,,,,,,,,,,,
,,,,,,,,,,,,,,,,,
,,,,,,,,,,,,,,,,,
,,,,,,,,,,,,,,,,,
,,,,,,,,,,,,,,,,,
,,,,,,,,,,,,,,,,,
,,,,,,,,,,,,,,,,,
,,,,,,,,,,,,,,,,,
,,,,,,,,,,,,,,,,,
,,,,,,,,,,,,,,,,,
,,,,,,,,,,,,,,,,,
,,,,,,,,,,,,,,,,,
,,,,,,,,,,,,,,,,,
,,,,,,,,,,,,,,,,,
,,,,,,,,,,,,,,,,,
,,,,,,,,,,,,,,,,,
,,,,,,,,,,,,,,,,,
,,,,,,,,,,,,,,,,,
,,,,,,,,,,,,,,,,,
,,,,,,,,,,,,,,,,,
,,,,,,,,,,,,,,,,,
,,,,,,,,,,,,,,,,,
,,,,,,,,,,,,,,,,,
,,,,,,,,,,,,,,,,,
,,,,,,,,,,,,,,,,,
,,,,,,,,,,,,,,,,,
,,,,,,,,,,,,,,,,,
,,,,,,,,,,,,,,,,,
,,,,,,,,,,,,,,,,,
,,,,,,,,,,,,,,,,,
,,,,,,,,,,,,,,,,,
,,,,,,,,,,,,,,,,,
,,,,,,,,,,,,,,,,,
,,,,,,,,,,,,,,,,,
,,,,,,,,,,,,,,,,,
,,,,,,,,,,,,,,,,,
,,,,,,,,,,,,,,,,,
,,,,,,,,,,,,,,,,,
,,,,,,,,,,,,,,,,,
,,,,,,,,,,,,,,,,,
,,,,,,,,,,,,,,,,,
,,,,,,,,,,,,,,,,,
,,,,,,,,,,,,,,,,,
,,,,,,,,,,,,,,,,,
,,,,,,,,,,,,,,,,,
,,,,,,,,,,,,,,,,,
,,,,,,,,,,,,,,,,,
,,,,,,,,,,,,,,,,,
,,,,,,,,,,,,,,,,,
,,,,,,,,,,,,,,,,,
,,,,,,,,,,,,,,,,,
,,,,,,,,,,,,,,,,,
,,,,,,,,,,,,,,,,,
,,,,,,,,,,,,,,,,,
,,,,,,,,,,,,,,,,,
,,,,,,,,,,,,,,,,,
,,,,,,,,,,,,,,,,,
,,,,,,,,,,,,,,,,,
,,,,,,,,,,,,,,,,,
,,,,,,,,,,,,,,,,,
,,,,,,,,,,,,,,,,,
,,,,,,,,,,,,,,,,,
,,,,,,,,,,,,,,,,,
,,,,,,,,,,,,,,,,,
,,,,,,,,,,,,,,,,,
,,,,,,,,,,,,,,,,,
,,,,,,,,,,,,,,,,,
,,,,,,,,,,,,,,,,,
,,,,,,,,,,,,,,,,,
,,,,,,,,,,,,,,,,,
,,,,,,,,,,,,,,,,,
,,,,,,,,,,,,,,,,,
,,,,,,,,,,,,,,,,,
,,,,,,,,,,,,,,,,,
,,,,,,,,,,,,,,,,,
,,,,,,,,,,,,,,,,,
,,,,,,,,,,,,,,,,,
,,,,,,,,,,,,,,,,,
,,,,,,,,,,,,,,,,,
,,,,,,,,,,,,,,,,,
,,,,,,,,,,,,,,,,,
,,,,,,,,,,,,,,,,,
,,,,,,,,,,,,,,,,,
,,,,,,,,,,,,,,,,,
,,,,,,,,,,,,,,,,,
,,,,,,,,,,,,,,,,,
,,,,,,,,,,,,,,,,,
,,,,,,,,,,,,,,,,,
,,,,,,,,,,,,,,,,,
,,,,,,,,,,,,,,,,,
,,,,,,,,,,,,,,,,,
,,,,,,,,,,,,,,,,,
,,,,,,,,,,,,,,,,,
,,,,,,,,,,,,,,,,,
,,,,,,,,,,,,,,,,,
,,,,,,,,,,,,,,,,,
,,,,,,,,,,,,,,,,,
,,,,,,,,,,,,,,,,,
,,,,,,,,,,,,,,,,,
,,,,,,,,,,,,,,,,,
,,,,,,,,,,,,,,,,,
,,,,,,,,,,,,,,,,,
,,,,,,,,,,,,,,,,,
,,,,,,,,,,,,,,,,,
,,,,,,,,,,,,,,,,,
,,,,,,,,,,,,,,,,,
,,,,,,,,,,,,,,,,,
,,,,,,,,,,,,,,,,,
,,,,,,,,,,,,,,,,,
,,,,,,,,,,,,,,,,,
,,,,,,,,,,,,,,,,,
,,,,,,,,,,,,,,,,,
,,,,,,,,,,,,,,,,,
,,,,,,,,,,,,,,,,,
,,,,,,,,,,,,,,,,,
,,,,,,,,,,,,,,,,,
,,,,,,,,,,,,,,,,,
,,,,,,,,,,,,,,,,,
,,,,,,,,,,,,,,,,,
,,,,,,,,,,,,,,,,,
,,,,,,,,,,,,,,,,,
,,,,,,,,,,,,,,,,,
,,,,,,,,,,,,,,,,,
,,,,,,,,,,,,,,,,,
,,,,,,,,,,,,,,,,,
,,,,,,,,,,,,,,,,,
,,,,,,,,,,,,,,,,,
,,,,,,,,,,,,,,,,,
,,,,,,,,,,,,,,,,,
,,,,,,,,,,,,,,,,,
,,,,,,,,,,,,,,,,,
,,,,,,,,,,,,,,,,,
,,,,,,,,,,,,,,,,,
,,,,,,,,,,,,,,,,,
,,,,,,,,,,,,,,,,,
,,,,,,,,,,,,,,,,,
,,,,,,,,,,,,,,,,,
,,,,,,,,,,,,,,,,,
,,,,,,,,,,,,,,,,,
,,,,,,,,,,,,,,,,,
,,,,,,,,,,,,,,,,,
,,,,,,,,,,,,,,,,,
,,,,,,,,,,,,,,,,,
,,,,,,,,,,,,,,,,,
,,,,,,,,,,,,,,,,,
,,,,,,,,,,,,,,,,,
,,,,,,,,,,,,,,,,,
,,,,,,,,,,,,,,,,,
,,,,,,,,,,,,,,,,,
,,,,,,,,,,,,,,,,,
,,,,,,,,,,,,,,,,,
,,,,,,,,,,,,,,,,,
,,,,,,,,,,,,,,,,,
,,,,,,,,,,,,,,,,,
,,,,,,,,,,,,,,,,,
,,,,,,,,,,,,,,,,,
,,,,,,,,,,,,,,,,,
,,,,,,,,,,,,,,,,,
,,,,,,,,,,,,,,,,,
,,,,,,,,,,,,,,,,,
,,,,,,,,,,,,,,,,,
,,,,,,,,,,,,,,,,,
,,,,,,,,,,,,,,,,,
,,,,,,,,,,,,,,,,,
,,,,,,,,,,,,,,,,,
,,,,,,,,,,,,,,,,,
,,,,,,,,,,,,,,,,,
,,,,,,,,,,,,,,,,,
,,,,,,,,,,,,,,,,,
,,,,,,,,,,,,,,,,,
,,,,,,,,,,,,,,,,,
,,,,,,,,,,,,,,,,,
,,,,,,,,,,,,,,,,,
,,,,,,,,,,,,,,,,,
,,,,,,,,,,,,,,,,,
,,,,,,,,,,,,,,,,,
,,,,,,,,,,,,,,,,,
,,,,,,,,,,,,,,,,,
,,,,,,,,,,,,,,,,,
,,,,,,,,,,,,,,,,,
,,,,,,,,,,,,,,,,,
,,,,,,,,,,,,,,,,,
,,,,,,,,,,,,,,,,,
,,,,,,,,,,,,,,,,,
,,,,,,,,,,,,,,,,,
,,,,,,,,,,,,,,,,,
,,,,,,,,,,,,,,,,,
,,,,,,,,,,,,,,,,,
,,,,,,,,,,,,,,,,,
,,,,,,,,,,,,,,,,,
,,,,,,,,,,,,,,,,,
,,,,,,,,,,,,,,,,,
,,,,,,,,,,,,,,,,,
,,,,,,,,,,,,,,,,,
,,,,,,,,,,,,,,,,,
,,,,,,,,,,,,,,,,,
,,,,,,,,,,,,,,,,,
,,,,,,,,,,,,,,,,,
,,,,,,,,,,,,,,,,,
,,,,,,,,,,,,,,,,,
,,,,,,,,,,,,,,,,,
,,,,,,,,,,,,,,,,,
,,,,,,,,,,,,,,,,,
,,,,,,,,,,,,,,,,,
,,,,,,,,,,,,,,,,,
,,,,,,,,,,,,,,,,,
,,,,,,,,,,,,,,,,,
,,,,,,,,,,,,,,,,,
,,,,,,,,,,,,,,,,,
,,,,,,,,,,,,,,,,,
,,,,,,,,,,,,,,,,,
,,,,,,,,,,,,,,,,,
,,,,,,,,,,,,,,,,,
,,,,,,,,,,,,,,,,,
,,,,,,,,,,,,,,,,,
,,,,,,,,,,,,,,,,,
,,,,,,,,,,,,,,,,,
,,,,,,,,,,,,,,,,,
,,,,,,,,,,,,,,,,,
,,,,,,,,,,,,,,,,,
,,,,,,,,,,,,,,,,,
,,,,,,,,,,,,,,,,,
,,,,,,,,,,,,,,,,,
,,,,,,,,,,,,,,,,,
,,,,,,,,,,,,,,,,,
,,,,,,,,,,,,,,,,,
,,,,,,,,,,,,,,,,,
,,,,,,,,,,,,,,,,,
,,,,,,,,,,,,,,,,,
,,,,,,,,,,,,,,,,,
,,,,,,,,,,,,,,,,,
,,,,,,,,,,,,,,,,,
,,,,,,,,,,,,,,,,,
,,,,,,,,,,,,,,,,,
,,,,,,,,,,,,,,,,,
,,,,,,,,,,,,,,,,,
,,,,,,,,,,,,,,,,,
,,,,,,,,,,,,,,,,,
,,,,,,,,,,,,,,,,,
,,,,,,,,,,,,,,,,,
,,,,,,,,,,,,,,,,,
,,,,,,,,,,,,,,,,,
,,,,,,,,,,,,,,,,,
,,,,,,,,,,,,,,,,,
,,,,,,,,,,,,,,,,,
,,,,,,,,,,,,,,,,,
,,,,,,,,,,,,,,,,,
,,,,,,,,,,,,,,,,,
,,,,,,,,,,,,,,,,,
,,,,,,,,,,,,,,,,,
,,,,,,,,,,,,,,,,,
,,,,,,,,,,,,,,,,,
,,,,,,,,,,,,,,,,,
,,,,,,,,,,,,,,,,,
,,,,,,,,,,,,,,,,,
,,,,,,,,,,,,,,,,,
,,,,,,,,,,,,,,,,,
,,,,,,,,,,,,,,,,,
,,,,,,,,,,,,,,,,,
,,,,,,,,,,,,,,,,,
,,,,,,,,,,,,,,,,,
,,,,,,,,,,,,,,,,,
,,,,,,,,,,,,,,,,,
,,,,,,,,,,,,,,,,,
,,,,,,,,,,,,,,,,,
,,,,,,,,,,,,,,,,,
,,,,,,,,,,,,,,,,,
,,,,,,,,,,,,,,,,,
,,,,,,,,,,,,,,,,,
,,,,,,,,,,,,,,,,,
,,,,,,,,,,,,,,,,,
,,,,,,,,,,,,,,,,,
,,,,,,,,,,,,,,,,,
,,,,,,,,,,,,,,,,,
,,,,,,,,,,,,,,,,,
,,,,,,,,,,,,,,,,,
,,,,,,,,,,,,,,,,,
,,,,,,,,,,,,,,,,,
,,,,,,,,,,,,,,,,,
,,,,,,,,,,,,,,,,,
,,,,,,,,,,,,,,,,,
,,,,,,,,,,,,,,,,,
,,,,,,,,,,,,,,,,,
,,,,,,,,,,,,,,,,,
,,,,,,,,,,,,,,,,,
,,,,,,,,,,,,,,,,,
,,,,,,,,,,,,,,,,,
,,,,,,,,,,,,,,,,,
,,,,,,,,,,,,,,,,,
,,,,,,,,,,,,,,,,,
,,,,,,,,,,,,,,,,,
,,,,,,,,,,,,,,,,,
,,,,,,,,,,,,,,,,,
,,,,,,,,,,,,,,,,,
,,,,,,,,,,,,,,,,,
,,,,,,,,,,,,,,,,,
,,,,,,,,,,,,,,,,,
,,,,,,,,,,,,,,,,,
,,,,,,,,,,,,,,,,,
,,,,,,,,,,,,,,,,,
,,,,,,,,,,,,,,,,,
,,,,,,,,,,,,,,,,,
,,,,,,,,,,,,,,,,,
,,,,,,,,,,,,,,,,,
,,,,,,,,,,,,,,,,,
,,,,,,,,,,,,,,,,,
,,,,,,,,,,,,,,,,,
,,,,,,,,,,,,,,,,,
,,,,,,,,,,,,,,,,,
,,,,,,,,,,,,,,,,,
,,,,,,,,,,,,,,,,,
,,,,,,,,,,,,,,,,,
,,,,,,,,,,,,,,,,,
,,,,,,,,,,,,,,,,,
,,,,,,,,,,,,,,,,,
,,,,,,,,,,,,,,,,,
,,,,,,,,,,,,,,,,,
,,,,,,,,,,,,,,,,,
,,,,,,,,,,,,,,,,,
,,,,,,,,,,,,,,,,,
,,,,,,,,,,,,,,,,,
,,,,,,,,,,,,,,,,,
,,,,,,,,,,,,,,,,,
,,,,,,,,,,,,,,,,,
,,,,,,,,,,,,,,,,,
,,,,,,,,,,,,,,,,,
,,,,,,,,,,,,,,,,,
,,,,,,,,,,,,,,,,,
,,,,,,,,,,,,,,,,,
,,,,,,,,,,,,,,,,,
,,,,,,,,,,,,,,,,,
,,,,,,,,,,,,,,,,,
,,,,,,,,,,,,,,,,,
,,,,,,,,,,,,,,,,,
,,,,,,,,,,,,,,,,,
,,,,,,,,,,,,,,,,,
,,,,,,,,,,,,,,,,,
,,,,,,,,,,,,,,,,,
,,,,,,,,,,,,,,,,,
,,,,,,,,,,,,,,,,,
,,,,,,,,,,,,,,,,,
,,,,,,,,,,,,,,,,,
,,,,,,,,,,,,,,,,,
,,,,,,,,,,,,,,,,,
,,,,,,,,,,,,,,,,,
,,,,,,,,,,,,,,,,,
,,,,,,,,,,,,,,,,,
,,,,,,,,,,,,,,,,,
,,,,,,,,,,,,,,,,,
,,,,,,,,,,,,,,,,,
,,,,,,,,,,,,,,,,,
,,,,,,,,,,,,,,,,,
,,,,,,,,,,,,,,,,,
,,,,,,,,,,,,,,,,,
,,,,,,,,,,,,,,,,,
,,,,,,,,,,,,,,,,,
,,,,,,,,,,,,,,,,,
,,,,,,,,,,,,,,,,,
,,,,,,,,,,,,,,,,,
,,,,,,,,,,,,,,,,,
,,,,,,,,,,,,,,,,,
,,,,,,,,,,,,,,,,,
,,,,,,,,,,,,,,,,,
,,,,,,,,,,,,,,,,,
,,,,,,,,,,,,,,,,,
,,,,,,,,,,,,,,,,,
,,,,,,,,,,,,,,,,,
,,,,,,,,,,,,,,,,,
,,,,,,,,,,,,,,,,,
,,,,,,,,,,,,,,,,,
,,,,,,,,,,,,,,,,,
,,,,,,,,,,,,,,,,,
,,,,,,,,,,,,,,,,,
,,,,,,,,,,,,,,,,,
,,,,,,,,,,,,,,,,,
,,,,,,,,,,,,,,,,,
,,,,,,,,,,,,,,,,,
,,,,,,,,,,,,,,,,,
,,,,,,,,,,,,,,,,,
,,,,,,,,,,,,,,,,,
,,,,,,,,,,,,,,,,,
,,,,,,,,,,,,,,,,,
,,,,,,,,,,,,,,,,,
,,,,,,,,,,,,,,,,,
,,,,,,,,,,,,,,,,,
,,,,,,,,,,,,,,,,,
,,,,,,,,,,,,,,,,,
,,,,,,,,,,,,,,,,,
,,,,,,,,,,,,,,,,,
,,,,,,,,,,,,,,,,,
,,,,,,,,,,,,,,,,,
,,,,,,,,,,,,,,,,,
,,,,,,,,,,,,,,,,,
,,,,,,,,,,,,,,,,,
,,,,,,,,,,,,,,,,,
,,,,,,,,,,,,,,,,,
,,,,,,,,,,,,,,,,,
,,,,,,,,,,,,,,,,,
,,,,,,,,,,,,,,,,,
,,,,,,,,,,,,,,,,,
,,,,,,,,,,,,,,,,,
,,,,,,,,,,,,,,,,,
,,,,,,,,,,,,,,,,,
,,,,,,,,,,,,,,,,,
,,,,,,,,,,,,,,,,,
,,,,,,,,,,,,,,,,,
,,,,,,,,,,,,,,,,,
,,,,,,,,,,,,,,,,,
,,,,,,,,,,,,,,,,,
,,,,,,,,,,,,,,,,,
,,,,,,,,,,,,,,,,,
,,,,,,,,,,,,,,,,,
,,,,,,,,,,,,,,,,,
,,,,,,,,,,,,,,,,,
,,,,,,,,,,,,,,,,,
,,,,,,,,,,,,,,,,,
,,,,,,,,,,,,,,,,,
,,,,,,,,,,,,,,,,,
,,,,,,,,,,,,,,,,,
,,,,,,,,,,,,,,,,,
,,,,,,,,,,,,,,,,,
,,,,,,,,,,,,,,,,,
,,,,,,,,,,,,,,,,,
,,,,,,,,,,,,,,,,,
,,,,,,,,,,,,,,,,,
,,,,,,,,,,,,,,,,,
,,,,,,,,,,,,,,,,,
,,,,,,,,,,,,,,,,,
,,,,,,,,,,,,,,,,,
,,,,,,,,,,,,,,,,,
,,,,,,,,,,,,,,,,,
,,,,,,,,,,,,,,,,,
,,,,,,,,,,,,,,,,,
,,,,,,,,,,,,,,,,,
,,,,,,,,,,,,,,,,,
,,,,,,,,,,,,,,,,,
,,,,,,,,,,,,,,,,,
,,,,,,,,,,,,,,,,,
,,,,,,,,,,,,,,,,,
,,,,,,,,,,,,,,,,,
,,,,,,,,,,,,,,,,,
,,,,,,,,,,,,,,,,,
,,,,,,,,,,,,,,,,,
,,,,,,,,,,,,,,,,,
,,,,,,,,,,,,,,,,,
,,,,,,,,,,,,,,,,,
,,,,,,,,,,,,,,,,,
,,,,,,,,,,,,,,,,,
,,,,,,,,,,,,,,,,,
,,,,,,,,,,,,,,,,,
,,,,,,,,,,,,,,,,,
,,,,,,,,,,,,,,,,,
,,,,,,,,,,,,,,,,,
,,,,,,,,,,,,,,,,,
,,,,,,,,,,,,,,,,,
,,,,,,,,,,,,,,,,,
,,,,,,,,,,,,,,,,,
,,,,,,,,,,,,,,,,,
,,,,,,,,,,,,,,,,,
,,,,,,,,,,,,,,,,,
,,,,,,,,,,,,,,,,,
,,,,,,,,,,,,,,,,,
,,,,,,,,,,,,,,,,,
,,,,,,,,,,,,,,,,,
,,,,,,,,,,,,,,,,,
,,,,,,,,,,,,,,,,,
,,,,,,,,,,,,,,,,,
,,,,,,,,,,,,,,,,,
,,,,,,,,,,,,,,,,,
,,,,,,,,,,,,,,,,,
,,,,,,,,,,,,,,,,,
,,,,,,,,,,,,,,,,,
,,,,,,,,,,,,,,,,,
,,,,,,,,,,,,,,,,,
,,,,,,,,,,,,,,,,,
,,,,,,,,,,,,,,,,,
,,,,,,,,,,,,,,,,,
,,,,,,,,,,,,,,,,,
,,,,,,,,,,,,,,,,,
,,,,,,,,,,,,,,,,,
,,,,,,,,,,,,,,,,,
,,,,,,,,,,,,,,,,,
,,,,,,,,,,,,,,,,,
,,,,,,,,,,,,,,,,,
,,,,,,,,,,,,,,,,,
,,,,,,,,,,,,,,,,,
,,,,,,,,,,,,,,,,,
,,,,,,,,,,,,,,,,,
,,,,,,,,,,,,,,,,,
,,,,,,,,,,,,,,,,,
,,,,,,,,,,,,,,,,,
,,,,,,,,,,,,,,,,,
,,,,,,,,,,,,,,,,,
,,,,,,,,,,,,,,,,,
,,,,,,,,,,,,,,,,,
,,,,,,,,,,,,,,,,,
,,,,,,,,,,,,,,,,,
,,,,,,,,,,,,,,,,,
,,,,,,,,,,,,,,,,,
,,,,,,,,,,,,,,,,,
,,,,,,,,,,,,,,,,,
,,,,,,,,,,,,,,,,,
,,,,,,,,,,,,,,,,,
,,,,,,,,,,,,,,,,,
,,,,,,,,,,,,,,,,,
,,,,,,,,,,,,,,,,,
,,,,,,,,,,,,,,,,,
,,,,,,,,,,,,,,,,,
,,,,,,,,,,,,,,,,,
,,,,,,,,,,,,,,,,,
,,,,,,,,,,,,,,,,,
,,,,,,,,,,,,,,,,,
,,,,,,,,,,,,,,,,,
,,,,,,,,,,,,,,,,,
,,,,,,,,,,,,,,,,,
,,,,,,,,,,,,,,,,,
,,,,,,,,,,,,,,,,,
,,,,,,,,,,,,,,,,,
,,,,,,,,,,,,,,,,,
,,,,,,,,,,,,,,,,,
,,,,,,,,,,,,,,,,,
,,,,,,,,,,,,,,,,,
,,,,,,,,,,,,,,,,,
,,,,,,,,,,,,,,,,,
,,,,,,,,,,,,,,,,,
,,,,,,,,,,,,,,,,,
,,,,,,,,,,,,,,,,,
,,,,,,,,,,,,,,,,,
,,,,,,,,,,,,,,,,,
,,,,,,,,,,,,,,,,,
,,,,,,,,,,,,,,,,,
,,,,,,,,,,,,,,,,,
,,,,,,,,,,,,,,,,,
,,,,,,,,,,,,,,,,,
,,,,,,,,,,,,,,,,,
,,,,,,,,,,,,,,,,,
,,,,,,,,,,,,,,,,,
,,,,,,,,,,,,,,,,,
,,,,,,,,,,,,,,,,,
,,,,,,,,,,,,,,,,,
,,,,,,,,,,,,,,,,,
,,,,,,,,,,,,,,,,,
,,,,,,,,,,,,,,,,,
,,,,,,,,,,,,,,,,,
,,,,,,,,,,,,,,,,,
,,,,,,,,,,,,,,,,,
,,,,,,,,,,,,,,,,,
,,,,,,,,,,,,,,,,,
,,,,,,,,,,,,,,,,,
,,,,,,,,,,,,,,,,,
,,,,,,,,,,,,,,,,,
,,,,,,,,,,,,,,,,,
,,,,,,,,,,,,,,,,,
,,,,,,,,,,,,,,,,,
,,,,,,,,,,,,,,,,,
,,,,,,,,,,,,,,,,,
,,,,,,,,,,,,,,,,,
,,,,,,,,,,,,,,,,,
,,,,,,,,,,,,,,,,,
,,,,,,,,,,,,,,,,,
,,,,,,,,,,,,,,,,,
,,,,,,,,,,,,,,,,,
,,,,,,,,,,,,,,,,,
,,,,,,,,,,,,,,,,,
,,,,,,,,,,,,,,,,,
,,,,,,,,,,,,,,,,,
,,,,,,,,,,,,,,,,,
,,,,,,,,,,,,,,,,,
,,,,,,,,,,,,,,,,,
,,,,,,,,,,,,,,,,,
,,,,,,,,,,,,,,,,,
,,,,,,,,,,,,,,,,,
,,,,,,,,,,,,,,,,,
,,,,,,,,,,,,,,,,,
,,,,,,,,,,,,,,,,,
,,,,,,,,,,,,,,,,,
,,,,,,,,,,,,,,,,,
,,,,,,,,,,,,,,,,,
,,,,,,,,,,,,,,,,,
,,,,,,,,,,,,,,,,,
,,,,,,,,,,,,,,,,,
,,,,,,,,,,,,,,,,,
,,,,,,,,,,,,,,,,,
,,,,,,,,,,,,,,,,,
,,,,,,,,,,,,,,,,,
,,,,,,,,,,,,,,,,,
,,,,,,,,,,,,,,,,,
,,,,,,,,,,,,,,,,,
,,,,,,,,,,,,,,,,,
,,,,,,,,,,,,,,,,,
,,,,,,,,,,,,,,,,,
,,,,,,,,,,,,,,,,,
,,,,,,,,,,,,,,,,,
,,,,,,,,,,,,,,,,,
,,,,,,,,,,,,,,,,,
,,,,,,,,,,,,,,,,,
,,,,,,,,,,,,,,,,,
,,,,,,,,,,,,,,,,,
,,,,,,,,,,,,,,,,,
,,,,,,,,,,,,,,,,,
,,,,,,,,,,,,,,,,,
,,,,,,,,,,,,,,,,,
,,,,,,,,,,,,,,,,,
,,,,,,,,,,,,,,,,,
,,,,,,,,,,,,,,,,,
,,,,,,,,,,,,,,,,,
,,,,,,,,,,,,,,,,,
,,,,,,,,,,,,,,,,,
,,,,,,,,,,,,,,,,,
,,,,,,,,,,,,,,,,,
,,,,,,,,,,,,,,,,,
,,,,,,,,,,,,,,,,,
,,,,,,,,,,,,,,,,,
,,,,,,,,,,,,,,,,,
,,,,,,,,,,,,,,,,,
,,,,,,,,,,,,,,,,,
,,,,,,,,,,,,,,,,,
,,,,,,,,,,,,,,,,,
,,,,,,,,,,,,,,,,,
,,,,,,,,,,,,,,,,,
,,,,,,,,,,,,,,,,,
,,,,,,,,,,,,,,,,,
,,,,,,,,,,,,,,,,,
,,,,,,,,,,,,,,,,,
,,,,,,,,,,,,,,,,,
,,,,,,,,,,,,,,,,,
,,,,,,,,,,,,,,,,,
,,,,,,,,,,,,,,,,,
,,,,,,,,,,,,,,,,,
,,,,,,,,,,,,,,,,,
,,,,,,,,,,,,,,,,,
,,,,,,,,,,,,,,,,,
,,,,,,,,,,,,,,,,,
,,,,,,,,,,,,,,,,,
,,,,,,,,,,,,,,,,,
,,,,,,,,,,,,,,,,,
,,,,,,,,,,,,,,,,,
,,,,,,,,,,,,,,,,,
,,,,,,,,,,,,,,,,,
,,,,,,,,,,,,,,,,,
,,,,,,,,,,,,,,,,,
,,,,,,,,,,,,,,,,,
,,,,,,,,,,,,,,,,,
,,,,,,,,,,,,,,,,,
,,,,,,,,,,,,,,,,,
,,,,,,,,,,,,,,,,,
,,,,,,,,,,,,,,,,,
,,,,,,,,,,,,,,,,,
,,,,,,,,,,,,,,,,,
,,,,,,,,,,,,,,,,,
,,,,,,,,,,,,,,,,,
,,,,,,,,,,,,,,,,,
,,,,,,,,,,,,,,,,,
,,,,,,,,,,,,,,,,,
,,,,,,,,,,,,,,,,,
,,,,,,,,,,,,,,,,,
,,,,,,,,,,,,,,,,,
,,,,,,,,,,,,,,,,,
,,,,,,,,,,,,,,,,,
,,,,,,,,,,,,,,,,,
,,,,,,,,,,,,,,,,,
,,,,,,,,,,,,,,,,,
,,,,,,,,,,,,,,,,,
,,,,,,,,,,,,,,,,,
,,,,,,,,,,,,,,,,,
,,,,,,,,,,,,,,,,,
,,,,,,,,,,,,,,,,,
,,,,,,,,,,,,,,,,,
,,,,,,,,,,,,,,,,,
,,,,,,,,,,,,,,,,,
,,,,,,,,,,,,,,,,,
,,,,,,,,,,,,,,,,,
,,,,,,,,,,,,,,,,,
,,,,,,,,,,,,,,,,,
,,,,,,,,,,,,,,,,,
,,,,,,,,,,,,,,,,,
,,,,,,,,,,,,,,,,,
,,,,,,,,,,,,,,,,,
,,,,,,,,,,,,,,,,,
,,,,,,,,,,,,,,,,,
,,,,,,,,,,,,,,,,,
,,,,,,,,,,,,,,,,,
,,,,,,,,,,,,,,,,,
,,,,,,,,,,,,,,,,,
,,,,,,,,,,,,,,,,,
,,,,,,,,,,,,,,,,,
,,,,,,,,,,,,,,,,,
,,,,,,,,,,,,,,,,,
,,,,,,,,,,,,,,,,,
,,,,,,,,,,,,,,,,,
,,,,,,,,,,,,,,,,,
,,,,,,,,,,,,,,,,,
,,,,,,,,,,,,,,,,,
,,,,,,,,,,,,,,,,,
,,,,,,,,,,,,,,,,,
,,,,,,,,,,,,,,,,,
,,,,,,,,,,,,,,,,,
,,,,,,,,,,,,,,,,,
,,,,,,,,,,,,,,,,,
,,,,,,,,,,,,,,,,,
,,,,,,,,,,,,,,,,,
,,,,,,,,,,,,,,,,,
,,,,,,,,,,,,,,,,,
,,,,,,,,,,,,,,,,,
,,,,,,,,,,,,,,,,,
,,,,,,,,,,,,,,,,,
,,,,,,,,,,,,,,,,,
,,,,,,,,,,,,,,,,,
,,,,,,,,,,,,,,,,,
,,,,,,,,,,,,,,,,,
,,,,,,,,,,,,,,,,,
,,,,,,,,,,,,,,,,,
,,,,,,,,,,,,,,,,,
,,,,,,,,,,,,,,,,,
,,,,,,,,,,,,,,,,,
,,,,,,,,,,,,,,,,,
,,,,,,,,,,,,,,,,,
,,,,,,,,,,,,,,,,,
,,,,,,,,,,,,,,,,,
,,,,,,,,,,,,,,,,,
,,,,,,,,,,,,,,,,,
,,,,,,,,,,,,,,,,,
,,,,,,,,,,,,,,,,,
,,,,,,,,,,,,,,,,,
,,,,,,,,,,,,,,,,,
,,,,,,,,,,,,,,,,,
,,,,,,,,,,,,,,,,,
,,,,,,,,,,,,,,,,,
,,,,,,,,,,,,,,,,,
,,,,,,,,,,,,,,,,,
,,,,,,,,,,,,,,,,,
,,,,,,,,,,,,,,,,,
,,,,,,,,,,,,,,,,,
,,,,,,,,,,,,,,,,,
,,,,,,,,,,,,,,,,,
,,,,,,,,,,,,,,,,,
,,,,,,,,,,,,,,,,,
,,,,,,,,,,,,,,,,,
,,,,,,,,,,,,,,,,,
,,,,,,,,,,,,,,,,,
,,,,,,,,,,,,,,,,,
,,,,,,,,,,,,,,,,,
,,,,,,,,,,,,,,,,,
,,,,,,,,,,,,,,,,,
,,,,,,,,,,,,,,,,,
,,,,,,,,,,,,,,,,,
,,,,,,,,,,,,,,,,,
,,,,,,,,,,,,,,,,,
,,,,,,,,,,,,,,,,,
,,,,,,,,,,,,,,,,,
,,,,,,,,,,,,,,,,,
,,,,,,,,,,,,,,,,,
,,,,,,,,,,,,,,,,,
,,,,,,,,,,,,,,,,,
,,,,,,,,,,,,,,,,,
,,,,,,,,,,,,,,,,,
,,,,,,,,,,,,,,,,,
,,,,,,,,,,,,,,,,,
,,,,,,,,,,,,,,,,,
,,,,,,,,,,,,,,,,,
,,,,,,,,,,,,,,,,,
,,,,,,,,,,,,,,,,,
,,,,,,,,,,,,,,,,,
,,,,,,,,,,,,,,,,,
,,,,,,,,,,,,,,,,,
,,,,,,,,,,,,,,,,,
,,,,,,,,,,,,,,,,,
,,,,,,,,,,,,,,,,,
,,,,,,,,,,,,,,,,,
,,,,,,,,,,,,,,,,,
,,,,,,,,,,,,,,,,,
,,,,,,,,,,,,,,,,,
,,,,,,,,,,,,,,,,,
,,,,,,,,,,,,,,,,,
,,,,,,,,,,,,,,,,,
,,,,,,,,,,,,,,,,,
,,,,,,,,,,,,,,,,,
,,,,,,,,,,,,,,,,,
,,,,,,,,,,,,,,,,,
,,,,,,,,,,,,,,,,,
,,,,,,,,,,,,,,,,,
,,,,,,,,,,,,,,,,,
,,,,,,,,,,,,,,,,,
,,,,,,,,,,,,,,,,,
,,,,,,,,,,,,,,,,,
,,,,,,,,,,,,,,,,,
,,,,,,,,,,,,,,,,,
,,,,,,,,,,,,,,,,,
,,,,,,,,,,,,,,,,,
,,,,,,,,,,,,,,,,,
,,,,,,,,,,,,,,,,,
,,,,,,,,,,,,,,,,,
,,,,,,,,,,,,,,,,,
,,,,,,,,,,,,,,,,,
,,,,,,,,,,,,,,,,,
,,,,,,,,,,,,,,,,,
,,,,,,,,,,,,,,,,,
,,,,,,,,,,,,,,,,,
,,,,,,,,,,,,,,,,,
,,,,,,,,,,,,,,,,,
,,,,,,,,,,,,,,,,,
,,,,,,,,,,,,,,,,,
,,,,,,,,,,,,,,,,,
,,,,,,,,,,,,,,,,,
,,,,,,,,,,,,,,,,,
,,,,,,,,,,,,,,,,,
,,,,,,,,,,,,,,,,,
,,,,,,,,,,,,,,,,,
,,,,,,,,,,,,,,,,,
,,,,,,,,,,,,,,,,,
,,,,,,,,,,,,,,,,,
,,,,,,,,,,,,,,,,,
,,,,,,,,,,,,,,,,,
,,,,,,,,,,,,,,,,,
,,,,,,,,,,,,,,,,,
,,,,,,,,,,,,,,,,,
,,,,,,,,,,,,,,,,,
,,,,,,,,,,,,,,,,,
,,,,,,,,,,,,,,,,,
,,,,,,,,,,,,,,,,,
,,,,,,,,,,,,,,,,,
,,,,,,,,,,,,,,,,,
,,,,,,,,,,,,,,,,,
,,,,,,,,,,,,,,,,,
,,,,,,,,,,,,,,,,,
,,,,,,,,,,,,,,,,,
,,,,,,,,,,,,,,,,,
,,,,,,,,,,,,,,,,,
,,,,,,,,,,,,,,,,,
,,,,,,,,,,,,,,,,,
,,,,,,,,,,,,,,,,,
,,,,,,,,,,,,,,,,,
,,,,,,,,,,,,,,,,,
,,,,,,,,,,,,,,,,,
,,,,,,,,,,,,,,,,,
,,,,,,,,,,,,,,,,,
,,,,,,,,,,,,,,,,,
,,,,,,,,,,,,,,,,,
,,,,,,,,,,,,,,,,,
,,,,,,,,,,,,,,,,,
,,,,,,,,,,,,,,,,,
,,,,,,,,,,,,,,,,,
,,,,,,,,,,,,,,,,,
,,,,,,,,,,,,,,,,,
,,,,,,,,,,,,,,,,,
,,,,,,,,,,,,,,,,,
,,,,,,,,,,,,,,,,,
,,,,,,,,,,,,,,,,,
,,,,,,,,,,,,,,,,,
,,,,,,,,,,,,,,,,,
,,,,,,,,,,,,,,,,,
,,,,,,,,,,,,,,,,,
,,,,,,,,,,,,,,,,,
,,,,,,,,,,,,,,,,,
,,,,,,,,,,,,,,,,,
,,,,,,,,,,,,,,,,,
,,,,,,,,,,,,,,,,,
,,,,,,,,,,,,,,,,,
,,,,,,,,,,,,,,,,,
,,,,,,,,,,,,,,,,,
,,,,,,,,,,,,,,,,,
,,,,,,,,,,,,,,,,,
,,,,,,,,,,,,,,,,,
,,,,,,,,,,,,,,,,,
,,,,,,,,,,,,,,,,,
,,,,,,,,,,,,,,,,,
,,,,,,,,,,,,,,,,,
,,,,,,,,,,,,,,,,,
,,,,,,,,,,,,,,,,,
,,,,,,,,,,,,,,,,,
,,,,,,,,,,,,,,,,,
,,,,,,,,,,,,,,,,,
,,,,,,,,,,,,,,,,,
,,,,,,,,,,,,,,,,,
,,,,,,,,,,,,,,,,,
,,,,,,,,,,,,,,,,,
,,,,,,,,,,,,,,,,,
,,,,,,,,,,,,,,,,,
,,,,,,,,,,,,,,,,,
,,,,,,,,,,,,,,,,,
,,,,,,,,,,,,,,,,,
,,,,,,,,,,,,,,,,,
,,,,,,,,,,,,,,,,,
,,,,,,,,,,,,,,,,,
,,,,,,,,,,,,,,,,,
,,,,,,,,,,,,,,,,,
,,,,,,,,,,,,,,,,,
,,,,,,,,,,,,,,,,,
,,,,,,,,,,,,,,,,,
,,,,,,,,,,,,,,,,,
,,,,,,,,,,,,,,,,,
,,,,,,,,,,,,,,,,,
,,,,,,,,,,,,,,,,,
,,,,,,,,,,,,,,,,,
,,,,,,,,,,,,,,,,,
,,,,,,,,,,,,,,,,,
,,,,,,,,,,,,,,,,,
,,,,,,,,,,,,,,,,,
,,,,,,,,,,,,,,,,,
,,,,,,,,,,,,,,,,,
,,,,,,,,,,,,,,,,,
,,,,,,,,,,,,,,,,,
,,,,,,,,,,,,,,,,,
,,,,,,,,,,,,,,,,,
,,,,,,,,,,,,,,,,,
,,,,,,,,,,,,,,,,,
,,,,,,,,,,,,,,,,,
,,,,,,,,,,,,,,,,,
,,,,,,,,,,,,,,,,,
,,,,,,,,,,,,,,,,,
,,,,,,,,,,,,,,,,,
,,,,,,,,,,,,,,,,,
,,,,,,,,,,,,,,,,,
,,,,,,,,,,,,,,,,,
,,,,,,,,,,,,,,,,,
,,,,,,,,,,,,,,,,,
,,,,,,,,,,,,,,,,,
,,,,,,,,,,,,,,,,,
,,,,,,,,,,,,,,,,,
,,,,,,,,,,,,,,,,,
,,,,,,,,,,,,,,,,,
,,,,,,,,,,,,,,,,,
,,,,,,,,,,,,,,,,,
,,,,,,,,,,,,,,,,,
,,,,,,,,,,,,,,,,,
,,,,,,,,,,,,,,,,,
,,,,,,,,,,,,,,,,,
,,,,,,,,,,,,,,,,,
,,,,,,,,,,,,,,,,,
,,,,,,,,,,,,,,,,,
,,,,,,,,,,,,,,,,,
,,,,,,,,,,,,,,,,,
,,,,,,,,,,,,,,,,,
,,,,,,,,,,,,,,,,,
,,,,,,,,,,,,,,,,,
,,,,,,,,,,,,,,,,,
,,,,,,,,,,,,,,,,,
,,,,,,,,,,,,,,,,,
,,,,,,,,,,,,,,,,,
,,,,,,,,,,,,,,,,,
,,,,,,,,,,,,,,,,,
,,,,,,,,,,,,,,,,,
,,,,,,,,,,,,,,,,,
,,,,,,,,,,,,,,,,,
,,,,,,,,,,,,,,,,,
,,,,,,,,,,,,,,,,,
,,,,,,,,,,,,,,,,,
,,,,,,,,,,,,,,,,,
,,,,,,,,,,,,,,,,,
,,,,,,,,,,,,,,,,,
,,,,,,,,,,,,,,,,,
,,,,,,,,,,,,,,,,,
,,,,,,,,,,,,,,,,,
,,,,,,,,,,,,,,,,,
,,,,,,,,,,,,,,,,,
,,,,,,,,,,,,,,,,,
,,,,,,,,,,,,,,,,,
,,,,,,,,,,,,,,,,,
,,,,,,,,,,,,,,,,,
,,,,,,,,,,,,,,,,,
,,,,,,,,,,,,,,,,,
,,,,,,,,,,,,,,,,,
,,,,,,,,,,,,,,,,,
,,,,,,,,,,,,,,,,,
,,,,,,,,,,,,,,,,,
,,,,,,,,,,,,,,,,,
,,,,,,,,,,,,,,,,,
,,,,,,,,,,,,,,,,,
,,,,,,,,,,,,,,,,,
,,,,,,,,,,,,,,,,,
,,,,,,,,,,,,,,,,,
,,,,,,,,,,,,,,,,,
,,,,,,,,,,,,,,,,,
,,,,,,,,,,,,,,,,,
,,,,,,,,,,,,,,,,,
,,,,,,,,,,,,,,,,,
,,,,,,,,,,,,,,,,,
,,,,,,,,,,,,,,,,,
,,,,,,,,,,,,,,,,,
,,,,,,,,,,,,,,,,,
,,,,,,,,,,,,,,,,,
,,,,,,,,,,,,,,,,,
,,,,,,,,,,,,,,,,,
,,,,,,,,,,,,,,,,,
,,,,,,,,,,,,,,,,,
,,,,,,,,,,,,,,,,,
,,,,,,,,,,,,,,,,,
,,,,,,,,,,,,,,,,,
,,,,,,,,,,,,,,,,,
,,,,,,,,,,,,,,,,,
,,,,,,,,,,,,,,,,,
,,,,,,,,,,,,,,,,,
,,,,,,,,,,,,,,,,,
,,,,,,,,,,,,,,,,,
,,,,,,,,,,,,,,,,,
,,,,,,,,,,,,,,,,,
,,,,,,,,,,,,,,,,,
,,,,,,,,,,,,,,,,,
,,,,,,,,,,,,,,,,,
,,,,,,,,,,,,,,,,,
,,,,,,,,,,,,,,,,,
,,,,,,,,,,,,,,,,,
,,,,,,,,,,,,,,,,,
,,,,,,,,,,,,,,,,,
,,,,,,,,,,,,,,,,,
,,,,,,,,,,,,,,,,,
,,,,,,,,,,,,,,,,,
,,,,,,,,,,,,,,,,,
,,,,,,,,,,,,,,,,,
,,,,,,,,,,,,,,,,,
,,,,,,,,,,,,,,,,,
,,,,,,,,,,,,,,,,,
,,,,,,,,,,,,,,,,,
,,,,,,,,,,,,,,,,,
,,,,,,,,,,,,,,,,,
,,,,,,,,,,,,,,,,,
,,,,,,,,,,,,,,,,,
,,,,,,,,,,,,,,,,,
,,,,,,,,,,,,,,,,,
,,,,,,,,,,,,,,,,,
,,,,,,,,,,,,,,,,,
,,,,,,,,,,,,,,,,,
,,,,,,,,,,,,,,,,,
,,,,,,,,,,,,,,,,,
,,,,,,,,,,,,,,,,,
,,,,,,,,,,,,,,,,,
,,,,,,,,,,,,,,,,,
,,,,,,,,,,,,,,,,,
,,,,,,,,,,,,,,,,,
,,,,,,,,,,,,,,,,,
,,,,,,,,,,,,,,,,,
,,,,,,,,,,,,,,,,,
,,,,,,,,,,,,,,,,,
,,,,,,,,,,,,,,,,,
,,,,,,,,,,,,,,,,,
,,,,,,,,,,,,,,,,,
,,,,,,,,,,,,,,,,,
,,,,,,,,,,,,,,,,,
,,,,,,,,,,,,,,,,,
,,,,,,,,,,,,,,,,,
,,,,,,,,,,,,,,,,,
,,,,,,,,,,,,,,,,,
,,,,,,,,,,,,,,,,,
,,,,,,,,,,,,,,,,,
,,,,,,,,,,,,,,,,,
,,,,,,,,,,,,,,,,,
,,,,,,,,,,,,,,,,,
,,,,,,,,,,,,,,,,,
,,,,,,,,,,,,,,,,,
,,,,,,,,,,,,,,,,,
,,,,,,,,,,,,,,,,,
,,,,,,,,,,,,,,,,,
,,,,,,,,,,,,,,,,,
,,,,,,,,,,,,,,,,,
,,,,,,,,,,,,,,,,,
,,,,,,,,,,,,,,,,,
,,,,,,,,,,,,,,,,,
,,,,,,,,,,,,,,,,,
,,,,,,,,,,,,,,,,,
,,,,,,,,,,,,,,,,,
,,,,,,,,,,,,,,,,,
,,,,,,,,,,,,,,,,,
,,,,,,,,,,,,,,,,,
,,,,,,,,,,,,,,,,,
,,,,,,,,,,,,,,,,,
,,,,,,,,,,,,,,,,,
,,,,,,,,,,,,,,,,,
,,,,,,,,,,,,,,,,,
,,,,,,,,,,,,,,,,,
,,,,,,,,,,,,,,,,,
,,,,,,,,,,,,,,,,,
,,,,,,,,,,,,,,,,,
,,,,,,,,,,,,,,,,,
,,,,,,,,,,,,,,,,,
,,,,,,,,,,,,,,,,,
,,,,,,,,,,,,,,,,,
,,,,,,,,,,,,,,,,,
,,,,,,,,,,,,,,,,,
,,,,,,,,,,,,,,,,,
,,,,,,,,,,,,,,,,,
,,,,,,,,,,,,,,,,,
,,,,,,,,,,,,,,,,,
,,,,,,,,,,,,,,,,,
,,,,,,,,,,,,,,,,,
,,,,,,,,,,,,,,,,,
,,,,,,,,,,,,,,,,,
,,,,,,,,,,,,,,,,,
,,,,,,,,,,,,,,,,,
,,,,,,,,,,,,,,,,,
,,,,,,,,,,,,,,,,,
,,,,,,,,,,,,,,,,,
,,,,,,,,,,,,,,,,,
,,,,,,,,,,,,,,,,,
,,,,,,,,,,,,,,,,,
,,,,,,,,,,,,,,,,,
,,,,,,,,,,,,,,,,,
,,,,,,,,,,,,,,,,,
,,,,,,,,,,,,,,,,,
,,,,,,,,,,,,,,,,,
,,,,,,,,,,,,,,,,,
,,,,,,,,,,,,,,,,,
,,,,,,,,,,,,,,,,,
,,,,,,,,,,,,,,,,,
,,,,,,,,,,,,,,,,,
,,,,,,,,,,,,,,,,,
,,,,,,,,,,,,,,,,,
,,,,,,,,,,,,,,,,,
,,,,,,,,,,,,,,,,,
,,,,,,,,,,,,,,,,,
,,,,,,,,,,,,,,,,,
,,,,,,,,,,,,,,,,,
,,,,,,,,,,,,,,,,,
,,,,,,,,,,,,,,,,,
,,,,,,,,,,,,,,,,,
,,,,,,,,,,,,,,,,,
,,,,,,,,,,,,,,,,,
,,,,,,,,,,,,,,,,,
,,,,,,,,,,,,,,,,,
,,,,,,,,,,,,,,,,,
,,,,,,,,,,,,,,,,,
,,,,,,,,,,,,,,,,,
,,,,,,,,,,,,,,,,,
,,,,,,,,,,,,,,,,,
,,,,,,,,,,,,,,,,,
,,,,,,,,,,,,,,,,,
,,,,,,,,,,,,,,,,,
,,,,,,,,,,,,,,,,,
,,,,,,,,,,,,,,,,,
,,,,,,,,,,,,,,,,,
,,,,,,,,,,,,,,,,,
,,,,,,,,,,,,,,,,,
,,,,,,,,,,,,,,,,,
,,,,,,,,,,,,,,,,,
,,,,,,,,,,,,,,,,,
,,,,,,,,,,,,,,,,,
,,,,,,,,,,,,,,,,,
,,,,,,,,,,,,,,,,,
,,,,,,,,,,,,,,,,,
,,,,,,,,,,,,,,,,,
,,,,,,,,,,,,,,,,,
,,,,,,,,,,,,,,,,,
,,,,,,,,,,,,,,,,,
,,,,,,,,,,,,,,,,,
,,,,,,,,,,,,,,,,,
,,,,,,,,,,,,,,,,,
,,,,,,,,,,,,,,,,,
,,,,,,,,,,,,,,,,,
,,,,,,,,,,,,,,,,,
,,,,,,,,,,,,,,,,,
,,,,,,,,,,,,,,,,,
,,,,,,,,,,,,,,,,,
,,,,,,,,,,,,,,,,,
,,,,,,,,,,,,,,,,,
,,,,,,,,,,,,,,,,,
,,,,,,,,,,,,,,,,,
,,,,,,,,,,,,,,,,,
,,,,,,,,,,,,,,,,,
,,,,,,,,,,,,,,,,,
,,,,,,,,,,,,,,,,,
,,,,,,,,,,,,,,,,,
,,,,,,,,,,,,,,,,,
,,,,,,,,,,,,,,,,,
